"# species","event","message"
,,
"Human","AIDIP_ALLIANCE_REQUEST","@AIDIP_HUMAN_ALLIANCE_REQUEST1"
"Human","AIDIP_ALLIANCE_REQUEST","@AIDIP_HUMAN_ALLIANCE_REQUEST2"
"Human","AIDIP_ALLIANCE_REQUEST","@AIDIP_HUMAN_ALLIANCE_REQUEST3"
"Human","AIDIP_ALLIANCE_REQUEST","@AIDIP_HUMAN_ALLIANCE_REQUEST4"
"Human","AIDIP_ALLIANCE_ACCEPT","@AIDIP_HUMAN_ALLIANCE_ACCEPT1"
"Human","AIDIP_ALLIANCE_ACCEPT","@AIDIP_HUMAN_ALLIANCE_ACCEPT2"
"Human","AIDIP_ALLIANCE_ACCEPT","@AIDIP_HUMAN_ALLIANCE_ACCEPT3"
"Human","AIDIP_ALLIANCE_ACCEPT","@AIDIP_HUMAN_ALLIANCE_ACCEPT4"
"Human","AIDIP_ALLIANCE_REJECT","@AIDIP_HUMAN_ALLIANCE_REJECT1"
"Human","AIDIP_ALLIANCE_REJECT","@AIDIP_HUMAN_ALLIANCE_REJECT2"
"Human","AIDIP_ALLIANCE_REJECT","@AIDIP_HUMAN_ALLIANCE_REJECT3"
"Human","AIDIP_ALLIANCE_REJECT","@AIDIP_HUMAN_ALLIANCE_REJECT4"
"Human","AIDIP_ALLIANCE_LEAVE","@AIDIP_HUMAN_ALLIANCE_LEAVE1"
"Human","AIDIP_ALLIANCE_LEAVE","@AIDIP_HUMAN_ALLIANCE_LEAVE2"
"Human","AIDIP_ALLIANCE_LEAVE","@AIDIP_HUMAN_ALLIANCE_LEAVE3"
"Human","AIDIP_ALLIANCE_LEAVE","@AIDIP_HUMAN_ALLIANCE_LEAVE4"
"Human","AIDIP_ALLIANCE_OTHER_LEAVE","@AIDIP_HUMAN_ALLIANCE_OTHER_LEAVE1"
"Human","AIDIP_ALLIANCE_OTHER_LEAVE","@AIDIP_HUMAN_ALLIANCE_OTHER_LEAVE2"
"Human","AIDIP_ALLIANCE_OTHER_LEAVE","@AIDIP_HUMAN_ALLIANCE_OTHER_LEAVE3"
"Human","AIDIP_ALLIANCE_OTHER_LEAVE","@AIDIP_HUMAN_ALLIANCE_OTHER_LEAVE4"
"Human","AIDIP_NONAGGRO_REQUEST","@AIDIP_HUMAN_NONAGGRO_REQUEST1"
"Human","AIDIP_NONAGGRO_REQUEST","@AIDIP_HUMAN_NONAGGRO_REQUEST2"
"Human","AIDIP_NONAGGRO_REQUEST","@AIDIP_HUMAN_NONAGGRO_REQUEST3"
"Human","AIDIP_NONAGGRO_REQUEST","@AIDIP_HUMAN_NONAGGRO_REQUEST4"
"Human","AIDIP_NONAGGRO_REJECT","@AIDIP_HUMAN_NONAGGRO_REJECT1"
"Human","AIDIP_NONAGGRO_REJECT","@AIDIP_HUMAN_NONAGGRO_REJECT2"
"Human","AIDIP_NONAGGRO_REJECT","@AIDIP_HUMAN_NONAGGRO_REJECT3"
"Human","AIDIP_NONAGGRO_REJECT","@AIDIP_HUMAN_NONAGGRO_REJECT4"
"Human","AIDIP_NONAGGRO_BREAK","@AIDIP_HUMAN_NONAGGRO_BREAK1"
"Human","AIDIP_NONAGGRO_BREAK","@AIDIP_HUMAN_NONAGGRO_BREAK2"
"Human","AIDIP_NONAGGRO_BREAK","@AIDIP_HUMAN_NONAGGRO_BREAK3"
"Human","AIDIP_NONAGGRO_BREAK","@AIDIP_HUMAN_NONAGGRO_BREAK4"
"Human","AIDIP_NONAGGRO_OTHER_BREAK","@AIDIP_HUMAN_NONAGGRO_OTHER_BREAK1"
"Human","AIDIP_NONAGGRO_OTHER_BREAK","@AIDIP_HUMAN_NONAGGRO_OTHER_BREAK2"
"Human","AIDIP_NONAGGRO_OTHER_BREAK","@AIDIP_HUMAN_NONAGGRO_OTHER_BREAK3"
"Human","AIDIP_NONAGGRO_OTHER_BREAK","@AIDIP_HUMAN_NONAGGRO_OTHER_BREAK4"
"Human","AIDIP_SURRENDER","@AIDIP_HUMAN_SURRENDER1"
"Human","AIDIP_SURRENDER","@AIDIP_HUMAN_SURRENDER2"
"Human","AIDIP_SURRENDER_TO","@AIDIP_HUMAN_SURRENDER_TO1"
"Human","AIDIP_AID_ACKNOWLEDGE","@AIDIP_HUMAN_AID_ACKNOWLEDGE1"
,,
"Tarkas","AIDIP_ALLIANCE_REQUEST","@AIDIP_TARKAS_ALLIANCE_REQUEST1"
"Tarkas","AIDIP_ALLIANCE_REQUEST","@AIDIP_TARKAS_ALLIANCE_REQUEST2"
"Tarkas","AIDIP_ALLIANCE_REQUEST","@AIDIP_TARKAS_ALLIANCE_REQUEST3"
"Tarkas","AIDIP_ALLIANCE_REQUEST","@AIDIP_TARKAS_ALLIANCE_REQUEST4"
"Tarkas","AIDIP_ALLIANCE_ACCEPT","@AIDIP_TARKAS_ALLIANCE_ACCEPT1"
"Tarkas","AIDIP_ALLIANCE_ACCEPT","@AIDIP_TARKAS_ALLIANCE_ACCEPT2"
"Tarkas","AIDIP_ALLIANCE_ACCEPT","@AIDIP_TARKAS_ALLIANCE_ACCEPT3"
"Tarkas","AIDIP_ALLIANCE_ACCEPT","@AIDIP_TARKAS_ALLIANCE_ACCEPT4"
"Tarkas","AIDIP_ALLIANCE_REJECT","@AIDIP_TARKAS_ALLIANCE_REJECT1"
"Tarkas","AIDIP_ALLIANCE_REJECT","@AIDIP_TARKAS_ALLIANCE_REJECT2"
"Tarkas","AIDIP_ALLIANCE_REJECT","@AIDIP_TARKAS_ALLIANCE_REJECT3"
"Tarkas","AIDIP_ALLIANCE_REJECT","@AIDIP_TARKAS_ALLIANCE_REJECT4"
"Tarkas","AIDIP_ALLIANCE_LEAVE","@AIDIP_TARKAS_ALLIANCE_LEAVE1"
"Tarkas","AIDIP_ALLIANCE_LEAVE","@AIDIP_TARKAS_ALLIANCE_LEAVE2"
"Tarkas","AIDIP_ALLIANCE_LEAVE","@AIDIP_TARKAS_ALLIANCE_LEAVE3"
"Tarkas","AIDIP_ALLIANCE_LEAVE","@AIDIP_TARKAS_ALLIANCE_LEAVE4"
"Tarkas","AIDIP_ALLIANCE_OTHER_LEAVE","@AIDIP_TARKAS_ALLIANCE_OTHER_LEAVE1"
"Tarkas","AIDIP_ALLIANCE_OTHER_LEAVE","@AIDIP_TARKAS_ALLIANCE_OTHER_LEAVE2"
"Tarkas","AIDIP_ALLIANCE_OTHER_LEAVE","@AIDIP_TARKAS_ALLIANCE_OTHER_LEAVE3"
"Tarkas","AIDIP_ALLIANCE_OTHER_LEAVE","@AIDIP_TARKAS_ALLIANCE_OTHER_LEAVE4"
"Tarkas","AIDIP_NONAGGRO_REQUEST","@AIDIP_TARKAS_NONAGGRO_REQUEST1"
"Tarkas","AIDIP_NONAGGRO_REQUEST","@AIDIP_TARKAS_NONAGGRO_REQUEST2"
"Tarkas","AIDIP_NONAGGRO_REQUEST","@AIDIP_TARKAS_NONAGGRO_REQUEST3"
"Tarkas","AIDIP_NONAGGRO_REQUEST","@AIDIP_TARKAS_NONAGGRO_REQUEST4"
"Tarkas","AIDIP_NONAGGRO_REJECT","@AIDIP_TARKAS_NONAGGRO_REJECT1"
"Tarkas","AIDIP_NONAGGRO_REJECT","@AIDIP_TARKAS_NONAGGRO_REJECT2"
"Tarkas","AIDIP_NONAGGRO_REJECT","@AIDIP_TARKAS_NONAGGRO_REJECT3"
"Tarkas","AIDIP_NONAGGRO_REJECT","@AIDIP_TARKAS_NONAGGRO_REJECT4"
"Tarkas","AIDIP_NONAGGRO_BREAK","@AIDIP_TARKAS_NONAGGRO_BREAK1"
"Tarkas","AIDIP_NONAGGRO_BREAK","@AIDIP_TARKAS_NONAGGRO_BREAK2"
"Tarkas","AIDIP_NONAGGRO_BREAK","@AIDIP_TARKAS_NONAGGRO_BREAK3"
"Tarkas","AIDIP_NONAGGRO_BREAK","@AIDIP_TARKAS_NONAGGRO_BREAK4"
"Tarkas","AIDIP_NONAGGRO_OTHER_BREAK","@AIDIP_TARKAS_NONAGGRO_OTHER_BREAK1"
"Tarkas","AIDIP_NONAGGRO_OTHER_BREAK","@AIDIP_TARKAS_NONAGGRO_OTHER_BREAK2"
"Tarkas","AIDIP_NONAGGRO_OTHER_BREAK","@AIDIP_TARKAS_NONAGGRO_OTHER_BREAK3"
"Tarkas","AIDIP_NONAGGRO_OTHER_BREAK","@AIDIP_TARKAS_NONAGGRO_OTHER_BREAK4"
"Tarkas","AIDIP_SURRENDER","@AIDIP_TARKAS_SURRENDER1"
"Tarkas","AIDIP_SURRENDER","@AIDIP_TARKAS_SURRENDER2"
"Tarkas","AIDIP_SURRENDER_TO","@AIDIP_TARKAS_SURRENDER_TO1"
"Tarkas","AIDIP_AID_ACKNOWLEDGE","@AIDIP_TARKAS_AID_ACKNOWLEDGE1"
,,
"Hiver","AIDIP_ALLIANCE_REQUEST","@AIDIP_HIVER_ALLIANCE_REQUEST1"
"Hiver","AIDIP_ALLIANCE_REQUEST","@AIDIP_HIVER_ALLIANCE_REQUEST2"
"Hiver","AIDIP_ALLIANCE_REQUEST","@AIDIP_HIVER_ALLIANCE_REQUEST3"
"Hiver","AIDIP_ALLIANCE_REQUEST","@AIDIP_HIVER_ALLIANCE_REQUEST4"
"Hiver","AIDIP_ALLIANCE_ACCEPT","@AIDIP_HIVER_ALLIANCE_ACCEPT1"
"Hiver","AIDIP_ALLIANCE_ACCEPT","@AIDIP_HIVER_ALLIANCE_ACCEPT2"
"Hiver","AIDIP_ALLIANCE_ACCEPT","@AIDIP_HIVER_ALLIANCE_ACCEPT3"
"Hiver","AIDIP_ALLIANCE_ACCEPT","@AIDIP_HIVER_ALLIANCE_ACCEPT4"
"Hiver","AIDIP_ALLIANCE_REJECT","@AIDIP_HIVER_ALLIANCE_REJECT1"
"Hiver","AIDIP_ALLIANCE_REJECT","@AIDIP_HIVER_ALLIANCE_REJECT2"
"Hiver","AIDIP_ALLIANCE_REJECT","@AIDIP_HIVER_ALLIANCE_REJECT3"
"Hiver","AIDIP_ALLIANCE_REJECT","@AIDIP_HIVER_ALLIANCE_REJECT4"
"Hiver","AIDIP_ALLIANCE_LEAVE","@AIDIP_HIVER_ALLIANCE_LEAVE1"
"Hiver","AIDIP_ALLIANCE_LEAVE","@AIDIP_HIVER_ALLIANCE_LEAVE2"
"Hiver","AIDIP_ALLIANCE_LEAVE","@AIDIP_HIVER_ALLIANCE_LEAVE3"
"Hiver","AIDIP_ALLIANCE_LEAVE","@AIDIP_HIVER_ALLIANCE_LEAVE4"
"Hiver","AIDIP_ALLIANCE_OTHER_LEAVE","@AIDIP_HIVER_ALLIANCE_OTHER_LEAVE1"
"Hiver","AIDIP_ALLIANCE_OTHER_LEAVE","@AIDIP_HIVER_ALLIANCE_OTHER_LEAVE2"
"Hiver","AIDIP_ALLIANCE_OTHER_LEAVE","@AIDIP_HIVER_ALLIANCE_OTHER_LEAVE3"
"Hiver","AIDIP_ALLIANCE_OTHER_LEAVE","@AIDIP_HIVER_ALLIANCE_OTHER_LEAVE4"
"Hiver","AIDIP_NONAGGRO_REQUEST","@AIDIP_HIVER_NONAGGRO_REQUEST1"
"Hiver","AIDIP_NONAGGRO_REQUEST","@AIDIP_HIVER_NONAGGRO_REQUEST2"
"Hiver","AIDIP_NONAGGRO_REQUEST","@AIDIP_HIVER_NONAGGRO_REQUEST3"
"Hiver","AIDIP_NONAGGRO_REQUEST","@AIDIP_HIVER_NONAGGRO_REQUEST4"
"Hiver","AIDIP_NONAGGRO_REJECT","@AIDIP_HIVER_NONAGGRO_REJECT1"
"Hiver","AIDIP_NONAGGRO_REJECT","@AIDIP_HIVER_NONAGGRO_REJECT2"
"Hiver","AIDIP_NONAGGRO_REJECT","@AIDIP_HIVER_NONAGGRO_REJECT3"
"Hiver","AIDIP_NONAGGRO_REJECT","@AIDIP_HIVER_NONAGGRO_REJECT4"
"Hiver","AIDIP_NONAGGRO_BREAK","@AIDIP_HIVER_NONAGGRO_BREAK1"
"Hiver","AIDIP_NONAGGRO_BREAK","@AIDIP_HIVER_NONAGGRO_BREAK2"
"Hiver","AIDIP_NONAGGRO_BREAK","@AIDIP_HIVER_NONAGGRO_BREAK3"
"Hiver","AIDIP_NONAGGRO_BREAK","@AIDIP_HIVER_NONAGGRO_BREAK4"
"Hiver","AIDIP_NONAGGRO_OTHER_BREAK","@AIDIP_HIVER_NONAGGRO_OTHER_BREAK1"
"Hiver","AIDIP_NONAGGRO_OTHER_BREAK","@AIDIP_HIVER_NONAGGRO_OTHER_BREAK2"
"Hiver","AIDIP_NONAGGRO_OTHER_BREAK","@AIDIP_HIVER_NONAGGRO_OTHER_BREAK3"
"Hiver","AIDIP_NONAGGRO_OTHER_BREAK","@AIDIP_HIVER_NONAGGRO_OTHER_BREAK4"
"Hiver","AIDIP_START_HOLYWAR","@AIDIP_HIVER_START_HOLYWAR1"
"Hiver","AIDIP_START_HOLYWAR","@AIDIP_HIVER_START_HOLYWAR2"
"Hiver","AIDIP_START_HOLYWAR","@AIDIP_HIVER_START_HOLYWAR3"
"Hiver","AIDIP_SURRENDER","@AIDIP_HIVER_SURRENDER1"
"Hiver","AIDIP_SURRENDER","@AIDIP_HIVER_SURRENDER2"
"Hiver","AIDIP_SURRENDER_TO","@AIDIP_HIVER_SURRENDER_TO1"
"Hiver","AIDIP_AID_ACKNOWLEDGE","@AIDIP_HIVER_AID_ACKNOWLEDGE1"
,,
"Liir","AIDIP_ALLIANCE_REQUEST","@AIDIP_LIIR_ALLIANCE_REQUEST1"
"Liir","AIDIP_ALLIANCE_REQUEST","@AIDIP_LIIR_ALLIANCE_REQUEST2"
"Liir","AIDIP_ALLIANCE_REQUEST","@AIDIP_LIIR_ALLIANCE_REQUEST3"
"Liir","AIDIP_ALLIANCE_REQUEST","@AIDIP_LIIR_ALLIANCE_REQUEST4"
"Liir","AIDIP_ALLIANCE_ACCEPT","@AIDIP_LIIR_ALLIANCE_ACCEPT1"
"Liir","AIDIP_ALLIANCE_ACCEPT","@AIDIP_LIIR_ALLIANCE_ACCEPT2"
"Liir","AIDIP_ALLIANCE_ACCEPT","@AIDIP_LIIR_ALLIANCE_ACCEPT3"
"Liir","AIDIP_ALLIANCE_ACCEPT","@AIDIP_LIIR_ALLIANCE_ACCEPT4"
"Liir","AIDIP_ALLIANCE_REJECT","@AIDIP_LIIR_ALLIANCE_REJECT1"
"Liir","AIDIP_ALLIANCE_REJECT","@AIDIP_LIIR_ALLIANCE_REJECT2"
"Liir","AIDIP_ALLIANCE_REJECT","@AIDIP_LIIR_ALLIANCE_REJECT3"
"Liir","AIDIP_ALLIANCE_REJECT","@AIDIP_LIIR_ALLIANCE_REJECT4"
"Liir","AIDIP_ALLIANCE_LEAVE","@AIDIP_LIIR_ALLIANCE_LEAVE1"
"Liir","AIDIP_ALLIANCE_LEAVE","@AIDIP_LIIR_ALLIANCE_LEAVE2"
"Liir","AIDIP_ALLIANCE_LEAVE","@AIDIP_LIIR_ALLIANCE_LEAVE3"
"Liir","AIDIP_ALLIANCE_LEAVE","@AIDIP_LIIR_ALLIANCE_LEAVE4"
"Liir","AIDIP_ALLIANCE_OTHER_LEAVE","@AIDIP_LIIR_ALLIANCE_OTHER_LEAVE1"
"Liir","AIDIP_ALLIANCE_OTHER_LEAVE","@AIDIP_LIIR_ALLIANCE_OTHER_LEAVE2"
"Liir","AIDIP_ALLIANCE_OTHER_LEAVE","@AIDIP_LIIR_ALLIANCE_OTHER_LEAVE3"
"Liir","AIDIP_ALLIANCE_OTHER_LEAVE","@AIDIP_LIIR_ALLIANCE_OTHER_LEAVE4"
"Liir","AIDIP_NONAGGRO_REQUEST","@AIDIP_LIIR_NONAGGRO_REQUEST1"
"Liir","AIDIP_NONAGGRO_REQUEST","@AIDIP_LIIR_NONAGGRO_REQUEST2"
"Liir","AIDIP_NONAGGRO_REQUEST","@AIDIP_LIIR_NONAGGRO_REQUEST3"
"Liir","AIDIP_NONAGGRO_REQUEST","@AIDIP_LIIR_NONAGGRO_REQUEST4"
"Liir","AIDIP_NONAGGRO_REJECT","@AIDIP_LIIR_NONAGGRO_REJECT1"
"Liir","AIDIP_NONAGGRO_REJECT","@AIDIP_LIIR_NONAGGRO_REJECT2"
"Liir","AIDIP_NONAGGRO_REJECT","@AIDIP_LIIR_NONAGGRO_REJECT3"
"Liir","AIDIP_NONAGGRO_REJECT","@AIDIP_LIIR_NONAGGRO_REJECT4"
"Liir","AIDIP_NONAGGRO_BREAK","@AIDIP_LIIR_NONAGGRO_BREAK1"
"Liir","AIDIP_NONAGGRO_BREAK","@AIDIP_LIIR_NONAGGRO_BREAK2"
"Liir","AIDIP_NONAGGRO_BREAK","@AIDIP_LIIR_NONAGGRO_BREAK3"
"Liir","AIDIP_NONAGGRO_BREAK","@AIDIP_LIIR_NONAGGRO_BREAK4"
"Liir","AIDIP_NONAGGRO_OTHER_BREAK","@AIDIP_LIIR_NONAGGRO_OTHER_BREAK1"
"Liir","AIDIP_NONAGGRO_OTHER_BREAK","@AIDIP_LIIR_NONAGGRO_OTHER_BREAK2"
"Liir","AIDIP_NONAGGRO_OTHER_BREAK","@AIDIP_LIIR_NONAGGRO_OTHER_BREAK3"
"Liir","AIDIP_NONAGGRO_OTHER_BREAK","@AIDIP_LIIR_NONAGGRO_OTHER_BREAK4"
"Liir","AIDIP_SURRENDER","@AIDIP_LIIR_SURRENDER1"
"Liir","AIDIP_SURRENDER","@AIDIP_LIIR_SURRENDER2"
"Liir","AIDIP_SURRENDER_TO","@AIDIP_LIIR_SURRENDER_TO1"
"Liir","AIDIP_AID_ACKNOWLEDGE","@AIDIP_LIIR_AID_ACKNOWLEDGE1"
,,
"Zuul","AIDIP_ALLIANCE_REQUEST","@AIDIP_ZUUL_ALLIANCE_REQUEST1"
"Zuul","AIDIP_ALLIANCE_REQUEST","@AIDIP_ZUUL_ALLIANCE_REQUEST2"
"Zuul","AIDIP_ALLIANCE_REQUEST","@AIDIP_ZUUL_ALLIANCE_REQUEST3"
"Zuul","AIDIP_ALLIANCE_REQUEST","@AIDIP_ZUUL_ALLIANCE_REQUEST4"
"Zuul","AIDIP_ALLIANCE_ACCEPT","@AIDIP_ZUUL_ALLIANCE_ACCEPT1"
"Zuul","AIDIP_ALLIANCE_ACCEPT","@AIDIP_ZUUL_ALLIANCE_ACCEPT2"
"Zuul","AIDIP_ALLIANCE_ACCEPT","@AIDIP_ZUUL_ALLIANCE_ACCEPT3"
"Zuul","AIDIP_ALLIANCE_ACCEPT","@AIDIP_ZUUL_ALLIANCE_ACCEPT4"
"Zuul","AIDIP_ALLIANCE_REJECT","@AIDIP_ZUUL_ALLIANCE_REJECT1"
"Zuul","AIDIP_ALLIANCE_REJECT","@AIDIP_ZUUL_ALLIANCE_REJECT2"
"Zuul","AIDIP_ALLIANCE_REJECT","@AIDIP_ZUUL_ALLIANCE_REJECT3"
"Zuul","AIDIP_ALLIANCE_REJECT","@AIDIP_ZUUL_ALLIANCE_REJECT4"
"Zuul","AIDIP_ALLIANCE_LEAVE","@AIDIP_ZUUL_ALLIANCE_LEAVE1"
"Zuul","AIDIP_ALLIANCE_LEAVE","@AIDIP_ZUUL_ALLIANCE_LEAVE2"
"Zuul","AIDIP_ALLIANCE_LEAVE","@AIDIP_ZUUL_ALLIANCE_LEAVE3"
"Zuul","AIDIP_ALLIANCE_LEAVE","@AIDIP_ZUUL_ALLIANCE_LEAVE4"
"Zuul","AIDIP_ALLIANCE_OTHER_LEAVE","@AIDIP_ZUUL_ALLIANCE_OTHER_LEAVE1"
"Zuul","AIDIP_ALLIANCE_OTHER_LEAVE","@AIDIP_ZUUL_ALLIANCE_OTHER_LEAVE2"
"Zuul","AIDIP_ALLIANCE_OTHER_LEAVE","@AIDIP_ZUUL_ALLIANCE_OTHER_LEAVE3"
"Zuul","AIDIP_ALLIANCE_OTHER_LEAVE","@AIDIP_ZUUL_ALLIANCE_OTHER_LEAVE4"
"Zuul","AIDIP_NONAGGRO_REQUEST","@AIDIP_ZUUL_NONAGGRO_REQUEST1"
"Zuul","AIDIP_NONAGGRO_REQUEST","@AIDIP_ZUUL_NONAGGRO_REQUEST2"
"Zuul","AIDIP_NONAGGRO_REQUEST","@AIDIP_ZUUL_NONAGGRO_REQUEST3"
"Zuul","AIDIP_NONAGGRO_REQUEST","@AIDIP_ZUUL_NONAGGRO_REQUEST4"
"Zuul","AIDIP_NONAGGRO_REJECT","@AIDIP_ZUUL_NONAGGRO_REJECT1"
"Zuul","AIDIP_NONAGGRO_REJECT","@AIDIP_ZUUL_NONAGGRO_REJECT2"
"Zuul","AIDIP_NONAGGRO_REJECT","@AIDIP_ZUUL_NONAGGRO_REJECT3"
"Zuul","AIDIP_NONAGGRO_REJECT","@AIDIP_ZUUL_NONAGGRO_REJECT4"
"Zuul","AIDIP_NONAGGRO_BREAK","@AIDIP_ZUUL_NONAGGRO_BREAK1"
"Zuul","AIDIP_NONAGGRO_BREAK","@AIDIP_ZUUL_NONAGGRO_BREAK2"
"Zuul","AIDIP_NONAGGRO_BREAK","@AIDIP_ZUUL_NONAGGRO_BREAK3"
"Zuul","AIDIP_NONAGGRO_BREAK","@AIDIP_ZUUL_NONAGGRO_BREAK4"
"Zuul","AIDIP_NONAGGRO_OTHER_BREAK","@AIDIP_ZUUL_NONAGGRO_OTHER_BREAK1"
"Zuul","AIDIP_NONAGGRO_OTHER_BREAK","@AIDIP_ZUUL_NONAGGRO_OTHER_BREAK2"
"Zuul","AIDIP_NONAGGRO_OTHER_BREAK","@AIDIP_ZUUL_NONAGGRO_OTHER_BREAK3"
"Zuul","AIDIP_NONAGGRO_OTHER_BREAK","@AIDIP_ZUUL_NONAGGRO_OTHER_BREAK4"
"Zuul","AIDIP_SURRENDER","@AIDIP_ZUUL_SURRENDER1"
"Zuul","AIDIP_SURRENDER","@AIDIP_ZUUL_SURRENDER2"
"Zuul","AIDIP_SURRENDER_TO","@AIDIP_ZUUL_SURRENDER_TO1"
"Zuul","AIDIP_AID_ACKNOWLEDGE","@AIDIP_ZUUL_AID_ACKNOWLEDGE1"
"Zuul","AIDIP_AID_ACKNOWLEDGE","@AIDIP_ZUUL_AID_ACKNOWLEDGE2"
,,
"Human","AIDIP_YOU_CAN_HAVE_SYSTEM","@AIDIP_HUMAN_YOU_CAN_HAVE_SYSTEM1"
"Human","AIDIP_YOU_CAN_HAVE_SYSTEM","@AIDIP_HUMAN_YOU_CAN_HAVE_SYSTEM2"
"Human","AIDIP_YOU_CANT_HAVE_SYSTEM","@AIDIP_HUMAN_YOU_CANT_HAVE_SYSTEM1"
"Human","AIDIP_YOU_CANT_HAVE_SYSTEM","@AIDIP_HUMAN_YOU_CANT_HAVE_SYSTEM2"
"Human","AIDIP_YOU_CANT_HAVE_SYSTEM_STATS","@AIDIP_HUMAN_YOU_CANT_HAVE_SYSTEM_STATS1"
"Human","AIDIP_YOU_CANT_HAVE_SYSTEM_STATS","@AIDIP_HUMAN_YOU_CANT_HAVE_SYSTEM_STATS2"
"Human","AIDIP_CONFIRM_RALLY_AT","@AIDIP_HUMAN_CONFIRM_RALLY_AT1"
"Human","AIDIP_CONFIRM_RALLY_AT","@AIDIP_HUMAN_CONFIRM_RALLY_AT2"
"Human","AIDIP_REJECT_RALLY_AT_DONT_LIKE_YOU","@AIDIP_HUMAN_REJECT_RALLY_AT_DONT_LIKE_YOU1"
"Human","AIDIP_REJECT_RALLY_AT_DONT_LIKE_YOU","@AIDIP_HUMAN_REJECT_RALLY_AT_DONT_LIKE_YOU2"
"Human","AIDIP_REJECT_RALLY_AT_CANT_MAKE_IT","@AIDIP_HUMAN_REJECT_RALLY_AT_CANT_MAKE_IT1"
"Human","AIDIP_REJECT_RALLY_AT_CANT_MAKE_IT","@AIDIP_HUMAN_REJECT_RALLY_AT_CANT_MAKE_IT2"
"Human","AIDIP_CONFIRM_ATTACK_AT","@AIDIP_HUMAN_CONFIRM_ATTACK_AT1"
"Human","AIDIP_CONFIRM_ATTACK_AT","@AIDIP_HUMAN_CONFIRM_ATTACK_AT2"
"Human","AIDIP_REJECT_ATTACK_AT_DONT_LIKE_YOU","@AIDIP_HUMAN_REJECT_ATTACK_AT_DONT_LIKE_YOU1"
"Human","AIDIP_REJECT_ATTACK_AT_DONT_LIKE_YOU","@AIDIP_HUMAN_REJECT_ATTACK_AT_DONT_LIKE_YOU2"
"Human","AIDIP_REJECT_ATTACK_AT_CANT_MAKE_IT","@AIDIP_HUMAN_REJECT_ATTACK_AT_CANT_MAKE_IT1"
"Human","AIDIP_REJECT_ATTACK_AT_CANT_MAKE_IT","@AIDIP_HUMAN_REJECT_ATTACK_AT_CANT_MAKE_IT2"
"Human","AIDIP_CONFIRM_DEFEND_AT","@AIDIP_HUMAN_CONFIRM_DEFEND_AT1"
"Human","AIDIP_CONFIRM_DEFEND_AT","@AIDIP_HUMAN_CONFIRM_DEFEND_AT2"
"Human","AIDIP_REJECT_DEFEND_AT_DONT_LIKE_YOU","@AIDIP_HUMAN_REJECT_DEFEND_AT_DONT_LIKE_YOU1"
"Human","AIDIP_REJECT_DEFEND_AT_DONT_LIKE_YOU","@AIDIP_HUMAN_REJECT_DEFEND_AT_DONT_LIKE_YOU2"
"Human","AIDIP_REJECT_DEFEND_AT_CANT_MAKE_IT","@AIDIP_HUMAN_REJECT_DEFEND_AT_CANT_MAKE_IT1"
"Human","AIDIP_REJECT_DEFEND_AT_CANT_MAKE_IT","@AIDIP_HUMAN_REJECT_DEFEND_AT_CANT_MAKE_IT2"
"Human","AIDIP_CONFIRM_STOP_HARASSING_ME","@AIDIP_HUMAN_CONFIRM_STOP_HARASSING_ME1"
"Human","AIDIP_CONFIRM_STOP_HARASSING_ME","@AIDIP_HUMAN_CONFIRM_STOP_HARASSING_ME2"
"Human","AIDIP_REJECT_STOP_HARASSING_ME","@AIDIP_HUMAN_REJECT_STOP_HARASSING_ME1"
"Human","AIDIP_REJECT_STOP_HARASSING_ME","@AIDIP_HUMAN_REJECT_STOP_HARASSING_ME2"
"Human","AIDIP_CONFIRM_STOP_MINING_AT","@AIDIP_HUMAN_CONFIRM_STOP_MINING_AT1"
"Human","AIDIP_CONFIRM_STOP_MINING_AT","@AIDIP_HUMAN_CONFIRM_STOP_MINING_AT2"
"Human","AIDIP_REJECT_STOP_MINING_AT","@AIDIP_HUMAN_REJECT_STOP_MINING_AT1"
"Human","AIDIP_REJECT_STOP_MINING_AT","@AIDIP_HUMAN_REJECT_STOP_MINING_AT2"
"Human","AIDIP_CONFIRM_STOP_COLONIZING_AT","@AIDIP_HUMAN_CONFIRM_STOP_COLONIZING_AT1"
"Human","AIDIP_CONFIRM_STOP_COLONIZING_AT","@AIDIP_HUMAN_CONFIRM_STOP_COLONIZING_AT2"
"Human","AIDIP_REJECT_STOP_COLONIZING_AT","@AIDIP_HUMAN_REJECT_STOP_COLONIZING_AT1"
"Human","AIDIP_REJECT_STOP_COLONIZING_AT","@AIDIP_HUMAN_REJECT_STOP_COLONIZING_AT1"
"Human","AIDIP_DO_NOT_UNDERSTAND","@AIDIP_HUMAN_DO_NOT_UNDERSTAND"
"Human","AIDIP_CONFIRM_MONEY_REQUEST","@AIDIP_HUMAN_CONFIRM_MONEY_REQUEST1"
"Human","AIDIP_CONFIRM_MONEY_REQUEST","@AIDIP_HUMAN_CONFIRM_MONEY_REQUEST2"
"Human","AIDIP_REJECT_MONEY_REQUEST","@AIDIP_HUMAN_REJECT_MONEY_REQUEST1"
"Human","AIDIP_REJECT_MONEY_REQUEST","@AIDIP_HUMAN_REJECT_MONEY_REQUEST2"
"Human","AIDIP_REJECT_MONEY_REQUEST_DONT_LIKE_YOU","@AIDIP_HUMAN_REJECT_MONEY_REQUEST_DONT_LIKE_YOU1"
"Human","AIDIP_REJECT_MONEY_REQUEST_DONT_LIKE_YOU","@AIDIP_HUMAN_REJECT_MONEY_REQUEST_DONT_LIKE_YOU2"
"Human","AIDIP_CONFIRM_RESEARCH_REQUEST","@AIDIP_HUMAN_CONFIRM_RESEARCH_REQUEST1"
"Human","AIDIP_CONFIRM_RESEARCH_REQUEST","@AIDIP_HUMAN_CONFIRM_RESEARCH_REQUEST2"
"Human","AIDIP_REJECT_RESEARCH_REQUEST","@AIDIP_HUMAN_REJECT_RESEARCH_REQUEST1"
"Human","AIDIP_REJECT_RESEARCH_REQUEST","@AIDIP_HUMAN_REJECT_RESEARCH_REQUEST2"
"Human","AIDIP_REJECT_RESEARCH_REQUEST_DONT_LIKE_YOU","@AIDIP_HUMAN_REJECT_RESEARCH_REQUEST_DONT_LIKE_YOU1"
"Human","AIDIP_REJECT_RESEARCH_REQUEST_DONT_LIKE_YOU","@AIDIP_HUMAN_REJECT_RESEARCH_REQUEST_DONT_LIKE_YOU2"
"Human","AIDIP_CONFIRM_SEVER_ALLIANCE_WITH","@AIDIP_HUMAN_CONFIRM_SEVER_ALLIANCE_WITH1"
"Human","AIDIP_CONFIRM_SEVER_ALLIANCE_WITH","@AIDIP_HUMAN_CONFIRM_SEVER_ALLIANCE_WITH2"
"Human","AIDIP_REJECT_SEVER_ALLIANCE_WITH","@AIDIP_HUMAN_REJECT_SEVER_ALLIANCE_WITH1"
"Human","AIDIP_REJECT_SEVER_ALLIANCE_WITH","@AIDIP_HUMAN_REJECT_SEVER_ALLIANCE_WITH2"
"Human","AIDIP_CONFIRM_STOP_HARASSING_PLAYER","@AIDIP_HUMAN_CONFIRM_STOP_HARASSING_PLAYER1"
"Human","AIDIP_CONFIRM_STOP_HARASSING_PLAYER","@AIDIP_HUMAN_CONFIRM_STOP_HARASSING_PLAYER2"
"Human","AIDIP_REJECT_STOP_HARASSING_PLAYER","@AIDIP_HUMAN_REJECT_STOP_HARASSING_PLAYER1"
"Human","AIDIP_REJECT_STOP_HARASSING_PLAYER","@AIDIP_HUMAN_REJECT_STOP_HARASSING_PLAYER2"
"Human","AIDIP_NOT_HARASSING_PLAYER","@AIDIP_HUMAN_NOT_HARASSING_PLAYER1"
"Human","AIDIP_NOT_HARASSING_PLAYER","@AIDIP_HUMAN_NOT_HARASSING_PLAYER2"
"Human","AIDIP_CONFIRM_STOP_HARASSING_SYSTEM","@AIDIP_HUMAN_CONFIRM_STOP_HARASSING_SYSTEM1"
"Human","AIDIP_CONFIRM_STOP_HARASSING_SYSTEM","@AIDIP_HUMAN_CONFIRM_STOP_HARASSING_SYSTEM2"
"Human","AIDIP_REJECT_STOP_HARASSING_SYSTEM","@AIDIP_HUMAN_REJECT_STOP_HARASSING_SYSTEM1"
"Human","AIDIP_REJECT_STOP_HARASSING_SYSTEM","@AIDIP_HUMAN_REJECT_STOP_HARASSING_SYSTEM2"
"Human","AIDIP_NOT_HARASSING_SYSTEM","@AIDIP_HUMAN_NOT_HARASSING_SYSTEM1"
"Human","AIDIP_NOT_HARASSING_SYSTEM","@AIDIP_HUMAN_NOT_HARASSING_SYSTEM2"
"Human","AIDIP_NONAGGRO_ACCEPT","@AIDIP_HUMAN_NONAGGRO_ACCEPT1"
"Human","AIDIP_NONAGGRO_ACCEPT","@AIDIP_HUMAN_NONAGGRO_ACCEPT2"
"Human","AIDIP_CEASEFIRE_REQUEST","@AIDIP_HUMAN_CEASEFIRE_REQUEST1"
"Human","AIDIP_CEASEFIRE_REQUEST","@AIDIP_HUMAN_CEASEFIRE_REQUEST2"
"Human","AIDIP_CEASEFIRE_ACCEPT","@AIDIP_HUMAN_CEASEFIRE_ACCEPT1"
"Human","AIDIP_CEASEFIRE_ACCEPT","@AIDIP_HUMAN_CEASEFIRE_ACCEPT2"
"Human","AIDIP_CEASEFIRE_REJECT","@AIDIP_HUMAN_CEASEFIRE_REJECT1"
"Human","AIDIP_CEASEFIRE_REJECT","@AIDIP_HUMAN_CEASEFIRE_REJECT2"
"Human","AIDIP_CEASEFIRE_BREAK","@AIDIP_HUMAN_CEASEFIRE_BREAK1"
"Human","AIDIP_CEASEFIRE_BREAK","@AIDIP_HUMAN_CEASEFIRE_BREAK2"
"Human","AIDIP_CEASEFIRE_OTHER_BREAK","@AIDIP_HUMAN_CEASEFIRE_OTHER_BREAK1"
"Human","AIDIP_CEASEFIRE_OTHER_BREAK","@AIDIP_HUMAN_CEASEFIRE_OTHER_BREAK2"
"Human","AIDIP_DISPOSITION_WAR","@AIDIP_HUMAN_DISPOSITION_WAR1"
"Human","AIDIP_DISPOSITION_WAR","@AIDIP_HUMAN_DISPOSITION_WAR2"
"Human","AIDIP_DISPOSITION_CEASEFIRE","@AIDIP_HUMAN_DISPOSITION_CEASEFIRE1"
"Human","AIDIP_DISPOSITION_CEASEFIRE","@AIDIP_HUMAN_DISPOSITION_CEASEFIRE2"
"Human","AIDIP_DISPOSITION_NONAGGRO","@AIDIP_HUMAN_DISPOSITION_NONAGGRO1"
"Human","AIDIP_DISPOSITION_NONAGGRO","@AIDIP_HUMAN_DISPOSITION_NONAGGRO2"
"Human","AIDIP_DISPOSITION_ALLIANCE","@AIDIP_HUMAN_DISPOSITION_ALLIANCE1"
"Human","AIDIP_DISPOSITION_ALLIANCE","@AIDIP_HUMAN_DISPOSITION_ALLIANCE2"
,,
,,
"Tarkas","AIDIP_YOU_CAN_HAVE_SYSTEM","@AIDIP_Tarkas_YOU_CAN_HAVE_SYSTEM1"
"Tarkas","AIDIP_YOU_CAN_HAVE_SYSTEM","@AIDIP_Tarkas_YOU_CAN_HAVE_SYSTEM2"
"Tarkas","AIDIP_YOU_CANT_HAVE_SYSTEM","@AIDIP_TARKAS_YOU_CANT_HAVE_SYSTEM1"
"Tarkas","AIDIP_YOU_CANT_HAVE_SYSTEM","@AIDIP_TARKAS_YOU_CANT_HAVE_SYSTEM2"
"Tarkas","AIDIP_YOU_CANT_HAVE_SYSTEM_STATS","@AIDIP_TARKAS_YOU_CANT_HAVE_SYSTEM_STATS1"
"Tarkas","AIDIP_YOU_CANT_HAVE_SYSTEM_STATS","@AIDIP_TARKAS_YOU_CANT_HAVE_SYSTEM_STATS2"
"Tarkas","AIDIP_CONFIRM_RALLY_AT","@AIDIP_TARKAS_CONFIRM_RALLY_AT1"
"Tarkas","AIDIP_CONFIRM_RALLY_AT","@AIDIP_TARKAS_CONFIRM_RALLY_AT2"
"Tarkas","AIDIP_REJECT_RALLY_AT_DONT_LIKE_YOU","@AIDIP_TARKAS_REJECT_RALLY_AT_DONT_LIKE_YOU1"
"Tarkas","AIDIP_REJECT_RALLY_AT_DONT_LIKE_YOU","@AIDIP_TARKAS_REJECT_RALLY_AT_DONT_LIKE_YOU2"
"Tarkas","AIDIP_REJECT_RALLY_AT_CANT_MAKE_IT","@AIDIP_TARKAS_REJECT_RALLY_AT_CANT_MAKE_IT1"
"Tarkas","AIDIP_REJECT_RALLY_AT_CANT_MAKE_IT","@AIDIP_TARKAS_REJECT_RALLY_AT_CANT_MAKE_IT2"
"Tarkas","AIDIP_CONFIRM_ATTACK_AT","@AIDIP_TARKAS_CONFIRM_ATTACK_AT1"
"Tarkas","AIDIP_CONFIRM_ATTACK_AT","@AIDIP_TARKAS_CONFIRM_ATTACK_AT2"
"Tarkas","AIDIP_REJECT_ATTACK_AT_DONT_LIKE_YOU","@AIDIP_TARKAS_REJECT_ATTACK_AT_DONT_LIKE_YOU1"
"Tarkas","AIDIP_REJECT_ATTACK_AT_DONT_LIKE_YOU","@AIDIP_TARKAS_REJECT_ATTACK_AT_DONT_LIKE_YOU2"
"Tarkas","AIDIP_REJECT_ATTACK_AT_CANT_MAKE_IT","@AIDIP_TARKAS_REJECT_ATTACK_AT_CANT_MAKE_IT1"
"Tarkas","AIDIP_REJECT_ATTACK_AT_CANT_MAKE_IT","@AIDIP_TARKAS_REJECT_ATTACK_AT_CANT_MAKE_IT2"
"Tarkas","AIDIP_CONFIRM_DEFEND_AT","@AIDIP_TARKAS_CONFIRM_DEFEND_AT1"
"Tarkas","AIDIP_CONFIRM_DEFEND_AT","@AIDIP_TARKAS_CONFIRM_DEFEND_AT2"
"Tarkas","AIDIP_REJECT_DEFEND_AT_DONT_LIKE_YOU","@AIDIP_TARKAS_REJECT_DEFEND_AT_DONT_LIKE_YOU1"
"Tarkas","AIDIP_REJECT_DEFEND_AT_DONT_LIKE_YOU","@AIDIP_TARKAS_REJECT_DEFEND_AT_DONT_LIKE_YOU2"
"Tarkas","AIDIP_REJECT_DEFEND_AT_CANT_MAKE_IT","@AIDIP_TARKAS_REJECT_DEFEND_AT_CANT_MAKE_IT1"
"Tarkas","AIDIP_REJECT_DEFEND_AT_CANT_MAKE_IT","@AIDIP_TARKAS_REJECT_DEFEND_AT_CANT_MAKE_IT2"
"Tarkas","AIDIP_CONFIRM_STOP_HARASSING_ME","@AIDIP_TARKAS_CONFIRM_STOP_HARASSING_ME1"
"Tarkas","AIDIP_CONFIRM_STOP_HARASSING_ME","@AIDIP_TARKAS_CONFIRM_STOP_HARASSING_ME2"
"Tarkas","AIDIP_REJECT_STOP_HARASSING_ME","@AIDIP_TARKAS_REJECT_STOP_HARASSING_ME1"
"Tarkas","AIDIP_REJECT_STOP_HARASSING_ME","@AIDIP_TARKAS_REJECT_STOP_HARASSING_ME2"
"Tarkas","AIDIP_CONFIRM_STOP_MINING_AT","@AIDIP_TARKAS_CONFIRM_STOP_MINING_AT1"
"Tarkas","AIDIP_CONFIRM_STOP_MINING_AT","@AIDIP_TARKAS_CONFIRM_STOP_MINING_AT2"
"Tarkas","AIDIP_REJECT_STOP_MINING_AT","@AIDIP_TARKAS_REJECT_STOP_MINING_AT1"
"Tarkas","AIDIP_REJECT_STOP_MINING_AT","@AIDIP_TARKAS_REJECT_STOP_MINING_AT2"
"Tarkas","AIDIP_CONFIRM_STOP_COLONIZING_AT","@AIDIP_TARKAS_CONFIRM_STOP_COLONIZING_AT1"
"Tarkas","AIDIP_CONFIRM_STOP_COLONIZING_AT","@AIDIP_TARKAS_CONFIRM_STOP_COLONIZING_AT2"
"Tarkas","AIDIP_REJECT_STOP_COLONIZING_AT","@AIDIP_TARKAS_REJECT_STOP_COLONIZING_AT1"
"Tarkas","AIDIP_REJECT_STOP_COLONIZING_AT","@AIDIP_TARKAS_REJECT_STOP_COLONIZING_AT2"
"Tarkas","AIDIP_DO_NOT_UNDERSTAND","@AIDIP_TARKAS_DO_NOT_UNDERSTAND"
"Tarkas","AIDIP_CONFIRM_MONEY_REQUEST","@AIDIP_TARKAS_CONFIRM_MONEY_REQUEST1"
"Tarkas","AIDIP_CONFIRM_MONEY_REQUEST","@AIDIP_TARKAS_CONFIRM_MONEY_REQUEST2"
"Tarkas","AIDIP_REJECT_MONEY_REQUEST","@AIDIP_TARKAS_REJECT_MONEY_REQUEST1"
"Tarkas","AIDIP_REJECT_MONEY_REQUEST","@AIDIP_TARKAS_REJECT_MONEY_REQUEST2"
"Tarkas","AIDIP_REJECT_MONEY_REQUEST_DONT_LIKE_YOU","@AIDIP_TARKAS_REJECT_MONEY_REQUEST_DONT_LIKE_YOU1"
"Tarkas","AIDIP_REJECT_MONEY_REQUEST_DONT_LIKE_YOU","@AIDIP_TARKAS_REJECT_MONEY_REQUEST_DONT_LIKE_YOU2"
"Tarkas","AIDIP_CONFIRM_RESEARCH_REQUEST","@AIDIP_TARKAS_CONFIRM_RESEARCH_REQUEST1"
"Tarkas","AIDIP_CONFIRM_RESEARCH_REQUEST","@AIDIP_TARKAS_CONFIRM_RESEARCH_REQUEST2"
"Tarkas","AIDIP_REJECT_RESEARCH_REQUEST","@AIDIP_TARKAS_REJECT_RESEARCH_REQUEST1"
"Tarkas","AIDIP_REJECT_RESEARCH_REQUEST","@AIDIP_TARKAS_REJECT_RESEARCH_REQUEST2"
"Tarkas","AIDIP_REJECT_RESEARCH_REQUEST_DONT_LIKE_YOU","@AIDIP_TARKAS_REJECT_RESEARCH_REQUEST_DONT_LIKE_YOU1"
"Tarkas","AIDIP_REJECT_RESEARCH_REQUEST_DONT_LIKE_YOU","@AIDIP_TARKAS_REJECT_RESEARCH_REQUEST_DONT_LIKE_YOU2"
"Tarkas","AIDIP_CONFIRM_SEVER_ALLIANCE_WITH","@AIDIP_TARKAS_CONFIRM_SEVER_ALLIANCE_WITH1"
"Tarkas","AIDIP_CONFIRM_SEVER_ALLIANCE_WITH","@AIDIP_TARKAS_CONFIRM_SEVER_ALLIANCE_WITH2"
"Tarkas","AIDIP_REJECT_SEVER_ALLIANCE_WITH","@AIDIP_TARKAS_REJECT_SEVER_ALLIANCE_WITH1"
"Tarkas","AIDIP_REJECT_SEVER_ALLIANCE_WITH","@AIDIP_TARKAS_REJECT_SEVER_ALLIANCE_WITH2"
"Tarkas","AIDIP_CONFIRM_STOP_HARASSING_PLAYER","@AIDIP_TARKAS_CONFIRM_STOP_HARASSING_PLAYER1"
"Tarkas","AIDIP_CONFIRM_STOP_HARASSING_PLAYER","@AIDIP_TARKAS_CONFIRM_STOP_HARASSING_PLAYER2"
"Tarkas","AIDIP_REJECT_STOP_HARASSING_PLAYER","@AIDIP_TARKAS_REJECT_STOP_HARASSING_PLAYER1"
"Tarkas","AIDIP_REJECT_STOP_HARASSING_PLAYER","@AIDIP_TARKAS_REJECT_STOP_HARASSING_PLAYER2"
"Tarkas","AIDIP_NOT_HARASSING_PLAYER","@AIDIP_TARKAS_NOT_HARASSING_PLAYER1"
"Tarkas","AIDIP_NOT_HARASSING_PLAYER","@AIDIP_TARKAS_NOT_HARASSING_PLAYER2"
"Tarkas","AIDIP_CONFIRM_STOP_HARASSING_SYSTEM","@AIDIP_TARKAS_CONFIRM_STOP_HARASSING_SYSTEM1"
"Tarkas","AIDIP_CONFIRM_STOP_HARASSING_SYSTEM","@AIDIP_TARKAS_CONFIRM_STOP_HARASSING_SYSTEM2"
"Tarkas","AIDIP_REJECT_STOP_HARASSING_SYSTEM","@AIDIP_TARKAS_REJECT_STOP_HARASSING_SYSTEM1"
"Tarkas","AIDIP_REJECT_STOP_HARASSING_SYSTEM","@AIDIP_TARKAS_REJECT_STOP_HARASSING_SYSTEM2"
"Tarkas","AIDIP_NOT_HARASSING_SYSTEM","@AIDIP_TARKAS_NOT_HARASSING_SYSTEM1"
"Tarkas","AIDIP_NOT_HARASSING_SYSTEM","@AIDIP_TARKAS_NOT_HARASSING_SYSTEM2"
"Tarkas","AIDIP_NONAGGRO_ACCEPT","@AIDIP_TARKAS_NONAGGRO_ACCEPT1"
"Tarkas","AIDIP_NONAGGRO_ACCEPT","@AIDIP_TARKAS_NONAGGRO_ACCEPT2"
"Tarkas","AIDIP_CEASEFIRE_REQUEST","@AIDIP_TARKAS_CEASEFIRE_REQUEST1"
"Tarkas","AIDIP_CEASEFIRE_REQUEST","@AIDIP_TARKAS_CEASEFIRE_REQUEST2"
"Tarkas","AIDIP_CEASEFIRE_ACCEPT","@AIDIP_TARKAS_CEASEFIRE_ACCEPT1"
"Tarkas","AIDIP_CEASEFIRE_ACCEPT","@AIDIP_TARKAS_CEASEFIRE_ACCEPT2"
"Tarkas","AIDIP_CEASEFIRE_REJECT","@AIDIP_TARKAS_CEASEFIRE_REJECT1"
"Tarkas","AIDIP_CEASEFIRE_REJECT","@AIDIP_TARKAS_CEASEFIRE_REJECT2"
"Tarkas","AIDIP_CEASEFIRE_BREAK","@AIDIP_TARKAS_CEASEFIRE_BREAK1"
"Tarkas","AIDIP_CEASEFIRE_BREAK","@AIDIP_TARKAS_CEASEFIRE_BREAK2"
"Tarkas","AIDIP_CEASEFIRE_OTHER_BREAK","@AIDIP_TARKAS_CEASEFIRE_OTHER_BREAK1"
"Tarkas","AIDIP_CEASEFIRE_OTHER_BREAK","@AIDIP_TARKAS_CEASEFIRE_OTHER_BREAK2"
"Tarkas","AIDIP_DISPOSITION_WAR","@AIDIP_TARKAS_DISPOSITION_WAR1"
"Tarkas","AIDIP_DISPOSITION_WAR","@AIDIP_TARKAS_DISPOSITION_WAR2"
"Tarkas","AIDIP_DISPOSITION_CEASEFIRE","@AIDIP_TARKAS_DISPOSITION_CEASEFIRE1"
"Tarkas","AIDIP_DISPOSITION_CEASEFIRE","@AIDIP_TARKAS_DISPOSITION_CEASEFIRE2"
"Tarkas","AIDIP_DISPOSITION_NONAGGRO","@AIDIP_TARKAS_DISPOSITION_NONAGGRO1"
"Tarkas","AIDIP_DISPOSITION_NONAGGRO","@AIDIP_TARKAS_DISPOSITION_NONAGGRO2"
"Tarkas","AIDIP_DISPOSITION_ALLIANCE","@AIDIP_TARKAS_DISPOSITION_ALLIANCE1"
"Tarkas","AIDIP_DISPOSITION_ALLIANCE","@AIDIP_TARKAS_DISPOSITION_ALLIANCE2"
,,
,,
"Hiver","AIDIP_YOU_CAN_HAVE_SYSTEM","@AIDIP_HIVER_YOU_CAN_HAVE_SYSTEM1"
"Hiver","AIDIP_YOU_CAN_HAVE_SYSTEM","@AIDIP_HIVER_YOU_CAN_HAVE_SYSTEM2"
"Hiver","AIDIP_YOU_CANT_HAVE_SYSTEM","@AIDIP_HIVER_YOU_CANT_HAVE_SYSTEM1"
"Hiver","AIDIP_YOU_CANT_HAVE_SYSTEM","@AIDIP_HIVER_YOU_CANT_HAVE_SYSTEM2"
"Hiver","AIDIP_YOU_CANT_HAVE_SYSTEM_STATS","@AIDIP_HIVER_YOU_CANT_HAVE_SYSTEM_STATS1"
"Hiver","AIDIP_YOU_CANT_HAVE_SYSTEM_STATS","@AIDIP_HIVER_YOU_CANT_HAVE_SYSTEM_STATS2"
"Hiver","AIDIP_CONFIRM_RALLY_AT","@AIDIP_HIVER_CONFIRM_RALLY_AT1"
"Hiver","AIDIP_CONFIRM_RALLY_AT","@AIDIP_HIVER_CONFIRM_RALLY_AT2"
"Hiver","AIDIP_REJECT_RALLY_AT_DONT_LIKE_YOU","@AIDIP_HIVER_REJECT_RALLY_AT_DONT_LIKE_YOU1"
"Hiver","AIDIP_REJECT_RALLY_AT_DONT_LIKE_YOU","@AIDIP_HIVER_REJECT_RALLY_AT_DONT_LIKE_YOU2"
"Hiver","AIDIP_REJECT_RALLY_AT_CANT_MAKE_IT","@AIDIP_HIVER_REJECT_RALLY_AT_CANT_MAKE_IT1"
"Hiver","AIDIP_REJECT_RALLY_AT_CANT_MAKE_IT","@AIDIP_HIVER_REJECT_RALLY_AT_CANT_MAKE_IT2"
"Hiver","AIDIP_CONFIRM_ATTACK_AT","@AIDIP_HIVER_CONFIRM_ATTACK_AT1"
"Hiver","AIDIP_CONFIRM_ATTACK_AT","@AIDIP_HIVER_CONFIRM_ATTACK_AT2"
"Hiver","AIDIP_REJECT_ATTACK_AT_DONT_LIKE_YOU","@AIDIP_HIVER_REJECT_ATTACK_AT_DONT_LIKE_YOU1"
"Hiver","AIDIP_REJECT_ATTACK_AT_DONT_LIKE_YOU","@AIDIP_HIVER_REJECT_ATTACK_AT_DONT_LIKE_YOU2"
"Hiver","AIDIP_REJECT_ATTACK_AT_CANT_MAKE_IT","@AIDIP_HIVER_REJECT_ATTACK_AT_CANT_MAKE_IT1"
"Hiver","AIDIP_REJECT_ATTACK_AT_CANT_MAKE_IT","@AIDIP_HIVER_REJECT_ATTACK_AT_CANT_MAKE_IT2"
"Hiver","AIDIP_CONFIRM_DEFEND_AT","@AIDIP_HIVER_CONFIRM_DEFEND_AT1"
"Hiver","AIDIP_CONFIRM_DEFEND_AT","@AIDIP_HIVER_CONFIRM_DEFEND_AT2"
"Hiver","AIDIP_REJECT_DEFEND_AT_DONT_LIKE_YOU","@AIDIP_HIVER_REJECT_DEFEND_AT_DONT_LIKE_YOU1"
"Hiver","AIDIP_REJECT_DEFEND_AT_DONT_LIKE_YOU","@AIDIP_HIVER_REJECT_DEFEND_AT_DONT_LIKE_YOU2"
"Hiver","AIDIP_REJECT_DEFEND_AT_CANT_MAKE_IT","@AIDIP_HIVER_REJECT_DEFEND_AT_CANT_MAKE_IT1"
"Hiver","AIDIP_REJECT_DEFEND_AT_CANT_MAKE_IT","@AIDIP_HIVER_REJECT_DEFEND_AT_CANT_MAKE_IT2"
"Hiver","AIDIP_CONFIRM_STOP_HARASSING_ME","@AIDIP_HIVER_CONFIRM_STOP_HARASSING_ME1"
"Hiver","AIDIP_CONFIRM_STOP_HARASSING_ME","@AIDIP_HIVER_CONFIRM_STOP_HARASSING_ME2"
"Hiver","AIDIP_REJECT_STOP_HARASSING_ME","@AIDIP_HIVER_REJECT_STOP_HARASSING_ME1"
"Hiver","AIDIP_REJECT_STOP_HARASSING_ME","@AIDIP_HIVER_REJECT_STOP_HARASSING_ME2"
"Hiver","AIDIP_CONFIRM_STOP_MINING_AT","@AIDIP_HIVER_CONFIRM_STOP_MINING_AT1"
"Hiver","AIDIP_CONFIRM_STOP_MINING_AT","@AIDIP_HIVER_CONFIRM_STOP_MINING_AT2"
"Hiver","AIDIP_REJECT_STOP_MINING_AT","@AIDIP_HIVER_REJECT_STOP_MINING_AT1"
"Hiver","AIDIP_REJECT_STOP_MINING_AT","@AIDIP_HIVER_REJECT_STOP_MINING_AT2"
"Hiver","AIDIP_CONFIRM_STOP_COLONIZING_AT","@AIDIP_HIVER_CONFIRM_STOP_COLONIZING_AT1"
"Hiver","AIDIP_CONFIRM_STOP_COLONIZING_AT","@AIDIP_HIVER_CONFIRM_STOP_COLONIZING_AT2"
"Hiver","AIDIP_REJECT_STOP_COLONIZING_AT","@AIDIP_HIVER_REJECT_STOP_COLONIZING_AT1"
"Hiver","AIDIP_REJECT_STOP_COLONIZING_AT","@AIDIP_HIVER_REJECT_STOP_COLONIZING_AT2"
"Hiver","AIDIP_DO_NOT_UNDERSTAND","@AIDIP_HIVER_DO_NOT_UNDERSTAND"
"Hiver","AIDIP_CONFIRM_MONEY_REQUEST","@AIDIP_HIVER_CONFIRM_MONEY_REQUEST1"
"Hiver","AIDIP_CONFIRM_MONEY_REQUEST","@AIDIP_HIVER_CONFIRM_MONEY_REQUEST2"
"Hiver","AIDIP_REJECT_MONEY_REQUEST","@AIDIP_HIVER_REJECT_MONEY_REQUEST1"
"Hiver","AIDIP_REJECT_MONEY_REQUEST","@AIDIP_HIVER_REJECT_MONEY_REQUEST2"
"Hiver","AIDIP_REJECT_MONEY_REQUEST_DONT_LIKE_YOU","@AIDIP_HIVER_REJECT_MONEY_REQUEST_DONT_LIKE_YOU1"
"Hiver","AIDIP_REJECT_MONEY_REQUEST_DONT_LIKE_YOU","@AIDIP_HIVER_REJECT_MONEY_REQUEST_DONT_LIKE_YOU2"
"Hiver","AIDIP_CONFIRM_RESEARCH_REQUEST","@AIDIP_HIVER_CONFIRM_RESEARCH_REQUEST1"
"Hiver","AIDIP_CONFIRM_RESEARCH_REQUEST","@AIDIP_HIVER_CONFIRM_RESEARCH_REQUEST2"
"Hiver","AIDIP_REJECT_RESEARCH_REQUEST","@AIDIP_HIVER_REJECT_RESEARCH_REQUEST1"
"Hiver","AIDIP_REJECT_RESEARCH_REQUEST","@AIDIP_HIVER_REJECT_RESEARCH_REQUEST2"
"Hiver","AIDIP_REJECT_RESEARCH_REQUEST_DONT_LIKE_YOU","@AIDIP_HIVER_REJECT_RESEARCH_REQUEST_DONT_LIKE_YOU1"
"Hiver","AIDIP_REJECT_RESEARCH_REQUEST_DONT_LIKE_YOU","@AIDIP_HIVER_REJECT_RESEARCH_REQUEST_DONT_LIKE_YOU2"
"Hiver","AIDIP_CONFIRM_SEVER_ALLIANCE_WITH","@AIDIP_HIVER_CONFIRM_SEVER_ALLIANCE_WITH1"
"Hiver","AIDIP_CONFIRM_SEVER_ALLIANCE_WITH","@AIDIP_HIVER_CONFIRM_SEVER_ALLIANCE_WITH2"
"Hiver","AIDIP_REJECT_SEVER_ALLIANCE_WITH","@AIDIP_HIVER_REJECT_SEVER_ALLIANCE_WITH1"
"Hiver","AIDIP_REJECT_SEVER_ALLIANCE_WITH","@AIDIP_HIVER_REJECT_SEVER_ALLIANCE_WITH2"
"Hiver","AIDIP_CONFIRM_STOP_HARASSING_PLAYER","@AIDIP_HIVER_CONFIRM_STOP_HARASSING_PLAYER1"
"Hiver","AIDIP_CONFIRM_STOP_HARASSING_PLAYER","@AIDIP_HIVER_CONFIRM_STOP_HARASSING_PLAYER2"
"Hiver","AIDIP_REJECT_STOP_HARASSING_PLAYER","@AIDIP_HIVER_REJECT_STOP_HARASSING_PLAYER1"
"Hiver","AIDIP_REJECT_STOP_HARASSING_PLAYER","@AIDIP_HIVER_REJECT_STOP_HARASSING_PLAYER2"
"Hiver","AIDIP_NOT_HARASSING_PLAYER","@AIDIP_HIVER_NOT_HARASSING_PLAYER1"
"Hiver","AIDIP_NOT_HARASSING_PLAYER","@AIDIP_HIVER_NOT_HARASSING_PLAYER2"
"Hiver","AIDIP_CONFIRM_STOP_HARASSING_SYSTEM","@AIDIP_HIVER_CONFIRM_STOP_HARASSING_SYSTEM1"
"Hiver","AIDIP_CONFIRM_STOP_HARASSING_SYSTEM","@AIDIP_HIVER_CONFIRM_STOP_HARASSING_SYSTEM2"
"Hiver","AIDIP_REJECT_STOP_HARASSING_SYSTEM","@AIDIP_HIVER_REJECT_STOP_HARASSING_SYSTEM1"
"Hiver","AIDIP_REJECT_STOP_HARASSING_SYSTEM","@AIDIP_HIVER_REJECT_STOP_HARASSING_SYSTEM2"
"Hiver","AIDIP_NOT_HARASSING_SYSTEM","@AIDIP_HIVER_NOT_HARASSING_SYSTEM1"
"Hiver","AIDIP_NOT_HARASSING_SYSTEM","@AIDIP_HIVER_NOT_HARASSING_SYSTEM2"
"Hiver","AIDIP_NONAGGRO_ACCEPT","@AIDIP_HIVER_NONAGGRO_ACCEPT1"
"Hiver","AIDIP_NONAGGRO_ACCEPT","@AIDIP_HIVER_NONAGGRO_ACCEPT2"
"Hiver","AIDIP_CEASEFIRE_REQUEST","@AIDIP_HIVER_CEASEFIRE_REQUEST1"
"Hiver","AIDIP_CEASEFIRE_REQUEST","@AIDIP_HIVER_CEASEFIRE_REQUEST2"
"Hiver","AIDIP_CEASEFIRE_ACCEPT","@AIDIP_HIVER_CEASEFIRE_ACCEPT1"
"Hiver","AIDIP_CEASEFIRE_ACCEPT","@AIDIP_HIVER_CEASEFIRE_ACCEPT2"
"Hiver","AIDIP_CEASEFIRE_REJECT","@AIDIP_HIVER_CEASEFIRE_REJECT1"
"Hiver","AIDIP_CEASEFIRE_REJECT","@AIDIP_HIVER_CEASEFIRE_REJECT2"
"Hiver","AIDIP_CEASEFIRE_BREAK","@AIDIP_HIVER_CEASEFIRE_BREAK1"
"Hiver","AIDIP_CEASEFIRE_BREAK","@AIDIP_HIVER_CEASEFIRE_BREAK2"
"Hiver","AIDIP_CEASEFIRE_OTHER_BREAK","@AIDIP_HIVER_CEASEFIRE_OTHER_BREAK1"
"Hiver","AIDIP_CEASEFIRE_OTHER_BREAK","@AIDIP_HIVER_CEASEFIRE_OTHER_BREAK2"
"Hiver","AIDIP_DISPOSITION_WAR","@AIDIP_HIVER_DISPOSITION_WAR1"
"Hiver","AIDIP_DISPOSITION_WAR","@AIDIP_HIVER_DISPOSITION_WAR2"
"Hiver","AIDIP_DISPOSITION_CEASEFIRE","@AIDIP_HIVER_DISPOSITION_CEASEFIRE1"
"Hiver","AIDIP_DISPOSITION_CEASEFIRE","@AIDIP_HIVER_DISPOSITION_CEASEFIRE2"
"Hiver","AIDIP_DISPOSITION_NONAGGRO","@AIDIP_HIVER_DISPOSITION_NONAGGRO1"
"Hiver","AIDIP_DISPOSITION_NONAGGRO","@AIDIP_HIVER_DISPOSITION_NONAGGRO2"
"Hiver","AIDIP_DISPOSITION_ALLIANCE","@AIDIP_HIVER_DISPOSITION_ALLIANCE1"
"Hiver","AIDIP_DISPOSITION_ALLIANCE","@AIDIP_HIVER_DISPOSITION_ALLIANCE2"
,,
,,
,,
"Liir","AIDIP_YOU_CAN_HAVE_SYSTEM","@AIDIP_LIIR_YOU_CAN_HAVE_SYSTEM1"
"Liir","AIDIP_YOU_CAN_HAVE_SYSTEM","@AIDIP_LIIR_YOU_CAN_HAVE_SYSTEM2"
"Liir","AIDIP_YOU_CANT_HAVE_SYSTEM","@AIDIP_LIIR_YOU_CANT_HAVE_SYSTEM1"
"Liir","AIDIP_YOU_CANT_HAVE_SYSTEM","@AIDIP_LIIR_YOU_CANT_HAVE_SYSTEM2"
"Liir","AIDIP_YOU_CANT_HAVE_SYSTEM_STATS","@AIDIP_LIIR_YOU_CANT_HAVE_SYSTEM_STATS1"
"Liir","AIDIP_YOU_CANT_HAVE_SYSTEM_STATS","@AIDIP_LIIR_YOU_CANT_HAVE_SYSTEM_STATS2"
"Liir","AIDIP_CONFIRM_RALLY_AT","@AIDIP_LIIR_CONFIRM_RALLY_AT1"
"Liir","AIDIP_CONFIRM_RALLY_AT","@AIDIP_LIIR_CONFIRM_RALLY_AT2"
"Liir","AIDIP_REJECT_RALLY_AT_DONT_LIKE_YOU","@AIDIP_LIIR_REJECT_RALLY_AT_DONT_LIKE_YOU1"
"Liir","AIDIP_REJECT_RALLY_AT_DONT_LIKE_YOU","@AIDIP_LIIR_REJECT_RALLY_AT_DONT_LIKE_YOU2"
"Liir","AIDIP_REJECT_RALLY_AT_CANT_MAKE_IT","@AIDIP_LIIR_REJECT_RALLY_AT_CANT_MAKE_IT1"
"Liir","AIDIP_REJECT_RALLY_AT_CANT_MAKE_IT","@AIDIP_LIIR_REJECT_RALLY_AT_CANT_MAKE_IT2"
"Liir","AIDIP_CONFIRM_ATTACK_AT","@AIDIP_LIIR_CONFIRM_ATTACK_AT1"
"Liir","AIDIP_CONFIRM_ATTACK_AT","@AIDIP_LIIR_CONFIRM_ATTACK_AT2"
"Liir","AIDIP_REJECT_ATTACK_AT_DONT_LIKE_YOU","@AIDIP_LIIR_REJECT_ATTACK_AT_DONT_LIKE_YOU1"
"Liir","AIDIP_REJECT_ATTACK_AT_DONT_LIKE_YOU","@AIDIP_LIIR_REJECT_ATTACK_AT_DONT_LIKE_YOU2"
"Liir","AIDIP_REJECT_ATTACK_AT_CANT_MAKE_IT","@AIDIP_LIIR_REJECT_ATTACK_AT_CANT_MAKE_IT1"
"Liir","AIDIP_REJECT_ATTACK_AT_CANT_MAKE_IT","@AIDIP_LIIR_REJECT_ATTACK_AT_CANT_MAKE_IT2"
"Liir","AIDIP_CONFIRM_DEFEND_AT","@AIDIP_LIIR_CONFIRM_DEFEND_AT1"
"Liir","AIDIP_CONFIRM_DEFEND_AT","@AIDIP_LIIR_CONFIRM_DEFEND_AT2"
"Liir","AIDIP_REJECT_DEFEND_AT_DONT_LIKE_YOU","@AIDIP_LIIR_REJECT_DEFEND_AT_DONT_LIKE_YOU1"
"Liir","AIDIP_REJECT_DEFEND_AT_DONT_LIKE_YOU","@AIDIP_LIIR_REJECT_DEFEND_AT_DONT_LIKE_YOU2"
"Liir","AIDIP_REJECT_DEFEND_AT_CANT_MAKE_IT","@AIDIP_LIIR_REJECT_DEFEND_AT_CANT_MAKE_IT1"
"Liir","AIDIP_REJECT_DEFEND_AT_CANT_MAKE_IT","@AIDIP_LIIR_REJECT_DEFEND_AT_CANT_MAKE_IT2"
"Liir","AIDIP_CONFIRM_STOP_HARASSING_ME","@AIDIP_LIIR_CONFIRM_STOP_HARASSING_ME1"
"Liir","AIDIP_CONFIRM_STOP_HARASSING_ME","@AIDIP_LIIR_CONFIRM_STOP_HARASSING_ME2"
"Liir","AIDIP_REJECT_STOP_HARASSING_ME","@AIDIP_LIIR_REJECT_STOP_HARASSING_ME1"
"Liir","AIDIP_REJECT_STOP_HARASSING_ME","@AIDIP_LIIR_REJECT_STOP_HARASSING_ME2"
"Liir","AIDIP_CONFIRM_STOP_MINING_AT","@AIDIP_LIIR_CONFIRM_STOP_MINING_AT1"
"Liir","AIDIP_CONFIRM_STOP_MINING_AT","@AIDIP_LIIR_CONFIRM_STOP_MINING_AT2"
"Liir","AIDIP_REJECT_STOP_MINING_AT","@AIDIP_LIIR_REJECT_STOP_MINING_AT1"
"Liir","AIDIP_REJECT_STOP_MINING_AT","@AIDIP_LIIR_REJECT_STOP_MINING_AT2"
"Liir","AIDIP_CONFIRM_STOP_COLONIZING_AT","@AIDIP_LIIR_CONFIRM_STOP_COLONIZING_AT1"
"Liir","AIDIP_CONFIRM_STOP_COLONIZING_AT","@AIDIP_LIIR_CONFIRM_STOP_COLONIZING_AT2"
"Liir","AIDIP_REJECT_STOP_COLONIZING_AT","@AIDIP_LIIR_REJECT_STOP_COLONIZING_AT1"
"Liir","AIDIP_REJECT_STOP_COLONIZING_AT","@AIDIP_LIIR_REJECT_STOP_COLONIZING_AT2"
"Liir","AIDIP_DO_NOT_UNDERSTAND","@AIDIP_LIIR_DO_NOT_UNDERSTAND"
"Liir","AIDIP_CONFIRM_MONEY_REQUEST","@AIDIP_LIIR_CONFIRM_MONEY_REQUEST1"
"Liir","AIDIP_CONFIRM_MONEY_REQUEST","@AIDIP_LIIR_CONFIRM_MONEY_REQUEST2"
"Liir","AIDIP_REJECT_MONEY_REQUEST","@AIDIP_LIIR_REJECT_MONEY_REQUEST1"
"Liir","AIDIP_REJECT_MONEY_REQUEST","@AIDIP_LIIR_REJECT_MONEY_REQUEST2"
"Liir","AIDIP_REJECT_MONEY_REQUEST_DONT_LIKE_YOU","@AIDIP_LIIR_REJECT_MONEY_REQUEST_DONT_LIKE_YOU1"
"Liir","AIDIP_REJECT_MONEY_REQUEST_DONT_LIKE_YOU","@AIDIP_LIIR_REJECT_MONEY_REQUEST_DONT_LIKE_YOU2"
"Liir","AIDIP_CONFIRM_RESEARCH_REQUEST","@AIDIP_LIIR_CONFIRM_RESEARCH_REQUEST1"
"Liir","AIDIP_CONFIRM_RESEARCH_REQUEST","@AIDIP_LIIR_CONFIRM_RESEARCH_REQUEST2"
"Liir","AIDIP_REJECT_RESEARCH_REQUEST","@AIDIP_LIIR_REJECT_RESEARCH_REQUEST1"
"Liir","AIDIP_REJECT_RESEARCH_REQUEST","@AIDIP_LIIR_REJECT_RESEARCH_REQUEST2"
"Liir","AIDIP_REJECT_RESEARCH_REQUEST_DONT_LIKE_YOU","@AIDIP_LIIR_REJECT_RESEARCH_REQUEST_DONT_LIKE_YOU1"
"Liir","AIDIP_REJECT_RESEARCH_REQUEST_DONT_LIKE_YOU","@AIDIP_LIIR_REJECT_RESEARCH_REQUEST_DONT_LIKE_YOU2"
"Liir","AIDIP_CONFIRM_SEVER_ALLIANCE_WITH","@AIDIP_LIIR_CONFIRM_SEVER_ALLIANCE_WITH1"
"Liir","AIDIP_CONFIRM_SEVER_ALLIANCE_WITH","@AIDIP_LIIR_CONFIRM_SEVER_ALLIANCE_WITH2"
"Liir","AIDIP_REJECT_SEVER_ALLIANCE_WITH","@AIDIP_LIIR_REJECT_SEVER_ALLIANCE_WITH1"
"Liir","AIDIP_REJECT_SEVER_ALLIANCE_WITH","@AIDIP_LIIR_REJECT_SEVER_ALLIANCE_WITH2"
"Liir","AIDIP_CONFIRM_STOP_HARASSING_PLAYER","@AIDIP_LIIR_CONFIRM_STOP_HARASSING_PLAYER1"
"Liir","AIDIP_CONFIRM_STOP_HARASSING_PLAYER","@AIDIP_LIIR_CONFIRM_STOP_HARASSING_PLAYER2"
"Liir","AIDIP_REJECT_STOP_HARASSING_PLAYER","@AIDIP_LIIR_REJECT_STOP_HARASSING_PLAYER1"
"Liir","AIDIP_REJECT_STOP_HARASSING_PLAYER","@AIDIP_LIIR_REJECT_STOP_HARASSING_PLAYER2"
"Liir","AIDIP_NOT_HARASSING_PLAYER","@AIDIP_LIIR_NOT_HARASSING_PLAYER1"
"Liir","AIDIP_NOT_HARASSING_PLAYER","@AIDIP_LIIR_NOT_HARASSING_PLAYER2"
"Liir","AIDIP_CONFIRM_STOP_HARASSING_SYSTEM","@AIDIP_LIIR_CONFIRM_STOP_HARASSING_SYSTEM1"
"Liir","AIDIP_CONFIRM_STOP_HARASSING_SYSTEM","@AIDIP_LIIR_CONFIRM_STOP_HARASSING_SYSTEM2"
"Liir","AIDIP_REJECT_STOP_HARASSING_SYSTEM","@AIDIP_LIIR_REJECT_STOP_HARASSING_SYSTEM1"
"Liir","AIDIP_REJECT_STOP_HARASSING_SYSTEM","@AIDIP_LIIR_REJECT_STOP_HARASSING_SYSTEM2"
"Liir","AIDIP_NOT_HARASSING_SYSTEM","@AIDIP_LIIR_NOT_HARASSING_SYSTEM1"
"Liir","AIDIP_NOT_HARASSING_SYSTEM","@AIDIP_LIIR_NOT_HARASSING_SYSTEM2"
"Liir","AIDIP_NONAGGRO_ACCEPT","@AIDIP_LIIR_NONAGGRO_ACCEPT1"
"Liir","AIDIP_NONAGGRO_ACCEPT","@AIDIP_LIIR_NONAGGRO_ACCEPT2"
"Liir","AIDIP_CEASEFIRE_REQUEST","@AIDIP_LIIR_CEASEFIRE_REQUEST1"
"Liir","AIDIP_CEASEFIRE_REQUEST","@AIDIP_LIIR_CEASEFIRE_REQUEST2"
"Liir","AIDIP_CEASEFIRE_ACCEPT","@AIDIP_LIIR_CEASEFIRE_ACCEPT1"
"Liir","AIDIP_CEASEFIRE_ACCEPT","@AIDIP_LIIR_CEASEFIRE_ACCEPT2"
"Liir","AIDIP_CEASEFIRE_REJECT","@AIDIP_LIIR_CEASEFIRE_REJECT1"
"Liir","AIDIP_CEASEFIRE_REJECT","@AIDIP_LIIR_CEASEFIRE_REJECT2"
"Liir","AIDIP_CEASEFIRE_BREAK","@AIDIP_LIIR_CEASEFIRE_BREAK1"
"Liir","AIDIP_CEASEFIRE_BREAK","@AIDIP_LIIR_CEASEFIRE_BREAK2"
"Liir","AIDIP_CEASEFIRE_OTHER_BREAK","@AIDIP_LIIR_CEASEFIRE_OTHER_BREAK1"
"Liir","AIDIP_CEASEFIRE_OTHER_BREAK","@AIDIP_LIIR_CEASEFIRE_OTHER_BREAK2"
"Liir","AIDIP_DISPOSITION_WAR","@AIDIP_LIIR_DISPOSITION_WAR1"
"Liir","AIDIP_DISPOSITION_WAR","@AIDIP_LIIR_DISPOSITION_WAR2"
"Liir","AIDIP_DISPOSITION_CEASEFIRE","@AIDIP_LIIR_DISPOSITION_CEASEFIRE1"
"Liir","AIDIP_DISPOSITION_CEASEFIRE","@AIDIP_LIIR_DISPOSITION_CEASEFIRE2"
"Liir","AIDIP_DISPOSITION_NONAGGRO","@AIDIP_LIIR_DISPOSITION_NONAGGRO1"
"Liir","AIDIP_DISPOSITION_NONAGGRO","@AIDIP_LIIR_DISPOSITION_NONAGGRO2"
"Liir","AIDIP_DISPOSITION_ALLIANCE","@AIDIP_LIIR_DISPOSITION_ALLIANCE1"
"Liir","AIDIP_DISPOSITION_ALLIANCE","@AIDIP_LIIR_DISPOSITION_ALLIANCE2"
,,
,,
,,
,,
,,
,,
,,
"Zuul","AIDIP_YOU_CAN_HAVE_SYSTEM","@AIDIP_ZUUL_YOU_CAN_HAVE_SYSTEM1"
"Zuul","AIDIP_YOU_CAN_HAVE_SYSTEM","@AIDIP_ZUUL_YOU_CAN_HAVE_SYSTEM2"
"Zuul","AIDIP_YOU_CANT_HAVE_SYSTEM","@AIDIP_ZUUL_YOU_CANT_HAVE_SYSTEM1"
"Zuul","AIDIP_YOU_CANT_HAVE_SYSTEM","@AIDIP_ZUUL_YOU_CANT_HAVE_SYSTEM2"
"Zuul","AIDIP_YOU_CANT_HAVE_SYSTEM_STATS","@AIDIP_ZUUL_YOU_CANT_HAVE_SYSTEM_STATS1"
"Zuul","AIDIP_YOU_CANT_HAVE_SYSTEM_STATS","@AIDIP_ZUUL_YOU_CANT_HAVE_SYSTEM_STATS2"
"Zuul","AIDIP_CONFIRM_RALLY_AT","@AIDIP_ZUUL_CONFIRM_RALLY_AT1"
"Zuul","AIDIP_CONFIRM_RALLY_AT","@AIDIP_ZUUL_CONFIRM_RALLY_AT2"
"Zuul","AIDIP_REJECT_RALLY_AT_DONT_LIKE_YOU","@AIDIP_ZUUL_REJECT_RALLY_AT_DONT_LIKE_YOU1"
"Zuul","AIDIP_REJECT_RALLY_AT_DONT_LIKE_YOU","@AIDIP_ZUUL_REJECT_RALLY_AT_DONT_LIKE_YOU2"
"Zuul","AIDIP_REJECT_RALLY_AT_CANT_MAKE_IT","@AIDIP_ZUUL_REJECT_RALLY_AT_CANT_MAKE_IT1"
"Zuul","AIDIP_REJECT_RALLY_AT_CANT_MAKE_IT","@AIDIP_ZUUL_REJECT_RALLY_AT_CANT_MAKE_IT2"
"Zuul","AIDIP_CONFIRM_ATTACK_AT","@AIDIP_ZUUL_CONFIRM_ATTACK_AT1"
"Zuul","AIDIP_CONFIRM_ATTACK_AT","@AIDIP_ZUUL_CONFIRM_ATTACK_AT2"
"Zuul","AIDIP_REJECT_ATTACK_AT_DONT_LIKE_YOU","@AIDIP_ZUUL_REJECT_ATTACK_AT_DONT_LIKE_YOU1"
"Zuul","AIDIP_REJECT_ATTACK_AT_DONT_LIKE_YOU","@AIDIP_ZUUL_REJECT_ATTACK_AT_DONT_LIKE_YOU2"
"Zuul","AIDIP_REJECT_ATTACK_AT_CANT_MAKE_IT","@AIDIP_ZUUL_REJECT_ATTACK_AT_CANT_MAKE_IT1"
"Zuul","AIDIP_REJECT_ATTACK_AT_CANT_MAKE_IT","@AIDIP_ZUUL_REJECT_ATTACK_AT_CANT_MAKE_IT2"
"Zuul","AIDIP_CONFIRM_DEFEND_AT","@AIDIP_ZUUL_CONFIRM_DEFEND_AT1"
"Zuul","AIDIP_CONFIRM_DEFEND_AT","@AIDIP_ZUUL_CONFIRM_DEFEND_AT2"
"Zuul","AIDIP_REJECT_DEFEND_AT_DONT_LIKE_YOU","@AIDIP_ZUUL_REJECT_DEFEND_AT_DONT_LIKE_YOU1"
"Zuul","AIDIP_REJECT_DEFEND_AT_DONT_LIKE_YOU","@AIDIP_ZUUL_REJECT_DEFEND_AT_DONT_LIKE_YOU2"
"Zuul","AIDIP_REJECT_DEFEND_AT_CANT_MAKE_IT","@AIDIP_ZUUL_REJECT_DEFEND_AT_CANT_MAKE_IT1"
"Zuul","AIDIP_REJECT_DEFEND_AT_CANT_MAKE_IT","@AIDIP_ZUUL_REJECT_DEFEND_AT_CANT_MAKE_IT2"
"Zuul","AIDIP_CONFIRM_STOP_HARASSING_ME","@AIDIP_ZUUL_CONFIRM_STOP_HARASSING_ME1"
"Zuul","AIDIP_CONFIRM_STOP_HARASSING_ME","@AIDIP_ZUUL_CONFIRM_STOP_HARASSING_ME2"
"Zuul","AIDIP_REJECT_STOP_HARASSING_ME","@AIDIP_ZUUL_REJECT_STOP_HARASSING_ME1"
"Zuul","AIDIP_REJECT_STOP_HARASSING_ME","@AIDIP_ZUUL_REJECT_STOP_HARASSING_ME2"
"Zuul","AIDIP_CONFIRM_STOP_MINING_AT","@AIDIP_ZUUL_CONFIRM_STOP_MINING_AT1"
"Zuul","AIDIP_CONFIRM_STOP_MINING_AT","@AIDIP_ZUUL_CONFIRM_STOP_MINING_AT2"
"Zuul","AIDIP_REJECT_STOP_MINING_AT","@AIDIP_ZUUL_REJECT_STOP_MINING_AT1"
"Zuul","AIDIP_REJECT_STOP_MINING_AT","@AIDIP_ZUUL_REJECT_STOP_MINING_AT2"
"Zuul","AIDIP_CONFIRM_STOP_COLONIZING_AT","@AIDIP_ZUUL_CONFIRM_STOP_COLONIZING_AT1"
"Zuul","AIDIP_CONFIRM_STOP_COLONIZING_AT","@AIDIP_ZUUL_CONFIRM_STOP_COLONIZING_AT2"
"Zuul","AIDIP_REJECT_STOP_COLONIZING_AT","@AIDIP_ZUUL_REJECT_STOP_COLONIZING_AT1"
"Zuul","AIDIP_REJECT_STOP_COLONIZING_AT","@AIDIP_ZUUL_REJECT_STOP_COLONIZING_AT2"
"Zuul","AIDIP_DO_NOT_UNDERSTAND","@AIDIP_ZUUL_DO_NOT_UNDERSTAND"
"Zuul","AIDIP_CONFIRM_MONEY_REQUEST","@AIDIP_ZUUL_CONFIRM_MONEY_REQUEST1"
"Zuul","AIDIP_CONFIRM_MONEY_REQUEST","@AIDIP_ZUUL_CONFIRM_MONEY_REQUEST2"
"Zuul","AIDIP_REJECT_MONEY_REQUEST","@AIDIP_ZUUL_REJECT_MONEY_REQUEST1"
"Zuul","AIDIP_REJECT_MONEY_REQUEST","@AIDIP_ZUUL_REJECT_MONEY_REQUEST2"
"Zuul","AIDIP_REJECT_MONEY_REQUEST_DONT_LIKE_YOU","@AIDIP_ZUUL_REJECT_MONEY_REQUEST_DONT_LIKE_YOU1"
"Zuul","AIDIP_REJECT_MONEY_REQUEST_DONT_LIKE_YOU","@AIDIP_ZUUL_REJECT_MONEY_REQUEST_DONT_LIKE_YOU2"
"Zuul","AIDIP_CONFIRM_RESEARCH_REQUEST","@AIDIP_ZUUL_CONFIRM_RESEARCH_REQUEST1"
"Zuul","AIDIP_CONFIRM_RESEARCH_REQUEST","@AIDIP_ZUUL_CONFIRM_RESEARCH_REQUEST2"
"Zuul","AIDIP_REJECT_RESEARCH_REQUEST","@AIDIP_ZUUL_REJECT_RESEARCH_REQUEST1"
"Zuul","AIDIP_REJECT_RESEARCH_REQUEST","@AIDIP_ZUUL_REJECT_RESEARCH_REQUEST2"
"Zuul","AIDIP_REJECT_RESEARCH_REQUEST_DONT_LIKE_YOU","@AIDIP_ZUUL_REJECT_RESEARCH_REQUEST_DONT_LIKE_YOU1"
"Zuul","AIDIP_REJECT_RESEARCH_REQUEST_DONT_LIKE_YOU","@AIDIP_ZUUL_REJECT_RESEARCH_REQUEST_DONT_LIKE_YOU2"
"Zuul","AIDIP_CONFIRM_SEVER_ALLIANCE_WITH","@AIDIP_ZUUL_CONFIRM_SEVER_ALLIANCE_WITH1"
"Zuul","AIDIP_CONFIRM_SEVER_ALLIANCE_WITH","@AIDIP_ZUUL_CONFIRM_SEVER_ALLIANCE_WITH2"
"Zuul","AIDIP_REJECT_SEVER_ALLIANCE_WITH","@AIDIP_ZUUL_REJECT_SEVER_ALLIANCE_WITH1"
"Zuul","AIDIP_REJECT_SEVER_ALLIANCE_WITH","@AIDIP_ZUUL_REJECT_SEVER_ALLIANCE_WITH2"
"Zuul","AIDIP_CONFIRM_STOP_HARASSING_PLAYER","@AIDIP_ZUUL_CONFIRM_STOP_HARASSING_PLAYER1"
"Zuul","AIDIP_CONFIRM_STOP_HARASSING_PLAYER","@AIDIP_ZUUL_CONFIRM_STOP_HARASSING_PLAYER2"
"Zuul","AIDIP_REJECT_STOP_HARASSING_PLAYER","@AIDIP_ZUUL_REJECT_STOP_HARASSING_PLAYER1"
"Zuul","AIDIP_REJECT_STOP_HARASSING_PLAYER","@AIDIP_ZUUL_REJECT_STOP_HARASSING_PLAYER2"
"Zuul","AIDIP_NOT_HARASSING_PLAYER","@AIDIP_ZUUL_NOT_HARASSING_PLAYER1"
"Zuul","AIDIP_NOT_HARASSING_PLAYER","@AIDIP_ZUUL_NOT_HARASSING_PLAYER2"
"Zuul","AIDIP_CONFIRM_STOP_HARASSING_SYSTEM","@AIDIP_ZUUL_CONFIRM_STOP_HARASSING_SYSTEM1"
"Zuul","AIDIP_CONFIRM_STOP_HARASSING_SYSTEM","@AIDIP_ZUUL_CONFIRM_STOP_HARASSING_SYSTEM2"
"Zuul","AIDIP_REJECT_STOP_HARASSING_SYSTEM","@AIDIP_ZUUL_REJECT_STOP_HARASSING_SYSTEM1"
"Zuul","AIDIP_REJECT_STOP_HARASSING_SYSTEM","@AIDIP_ZUUL_REJECT_STOP_HARASSING_SYSTEM2"
"Zuul","AIDIP_NOT_HARASSING_SYSTEM","@AIDIP_ZUUL_NOT_HARASSING_SYSTEM1"
"Zuul","AIDIP_NOT_HARASSING_SYSTEM","@AIDIP_ZUUL_NOT_HARASSING_SYSTEM2"
"Zuul","AIDIP_NONAGGRO_ACCEPT","@AIDIP_ZUUL_NONAGGRO_ACCEPT1"
"Zuul","AIDIP_NONAGGRO_ACCEPT","@AIDIP_ZUUL_NONAGGRO_ACCEPT2"
"Zuul","AIDIP_CEASEFIRE_REQUEST","@AIDIP_ZUUL_CEASEFIRE_REQUEST1"
"Zuul","AIDIP_CEASEFIRE_REQUEST","@AIDIP_ZUUL_CEASEFIRE_REQUEST2"
"Zuul","AIDIP_CEASEFIRE_ACCEPT","@AIDIP_ZUUL_CEASEFIRE_ACCEPT1"
"Zuul","AIDIP_CEASEFIRE_ACCEPT","@AIDIP_ZUUL_CEASEFIRE_ACCEPT2"
"Zuul","AIDIP_CEASEFIRE_REJECT","@AIDIP_ZUUL_CEASEFIRE_REJECT1"
"Zuul","AIDIP_CEASEFIRE_REJECT","@AIDIP_ZUUL_CEASEFIRE_REJECT2"
"Zuul","AIDIP_CEASEFIRE_BREAK","@AIDIP_ZUUL_CEASEFIRE_BREAK1"
"Zuul","AIDIP_CEASEFIRE_BREAK","@AIDIP_ZUUL_CEASEFIRE_BREAK2"
"Zuul","AIDIP_CEASEFIRE_OTHER_BREAK","@AIDIP_ZUUL_CEASEFIRE_OTHER_BREAK1"
"Zuul","AIDIP_CEASEFIRE_OTHER_BREAK","@AIDIP_ZUUL_CEASEFIRE_OTHER_BREAK2"
"Zuul","AIDIP_DISPOSITION_WAR","@AIDIP_ZUUL_DISPOSITION_WAR1"
"Zuul","AIDIP_DISPOSITION_WAR","@AIDIP_ZUUL_DISPOSITION_WAR2"
"Zuul","AIDIP_DISPOSITION_CEASEFIRE","@AIDIP_ZUUL_DISPOSITION_CEASEFIRE1"
"Zuul","AIDIP_DISPOSITION_CEASEFIRE","@AIDIP_ZUUL_DISPOSITION_CEASEFIRE2"
"Zuul","AIDIP_DISPOSITION_NONAGGRO","@AIDIP_ZUUL_DISPOSITION_NONAGGRO1"
"Zuul","AIDIP_DISPOSITION_NONAGGRO","@AIDIP_ZUUL_DISPOSITION_NONAGGRO2"
"Zuul","AIDIP_DISPOSITION_ALLIANCE","@AIDIP_ZUUL_DISPOSITION_ALLIANCE1"
"Zuul","AIDIP_DISPOSITION_ALLIANCE","@AIDIP_ZUUL_DISPOSITION_ALLIANCE2"
,,
,,
,,
,,
"Morrigi","AIDIP_ALLIANCE_REQUEST","@AIDIP_MORRIGI_ALLIANCE_REQUEST1"
"Morrigi","AIDIP_ALLIANCE_REQUEST","@AIDIP_MORRIGI_ALLIANCE_REQUEST2"
"Morrigi","AIDIP_ALLIANCE_REQUEST","@AIDIP_MORRIGI_ALLIANCE_REQUEST3"
"Morrigi","AIDIP_ALLIANCE_REQUEST","@AIDIP_MORRIGI_ALLIANCE_REQUEST4"
"Morrigi","AIDIP_ALLIANCE_ACCEPT","@AIDIP_MORRIGI_ALLIANCE_ACCEPT1"
"Morrigi","AIDIP_ALLIANCE_ACCEPT","@AIDIP_MORRIGI_ALLIANCE_ACCEPT2"
"Morrigi","AIDIP_ALLIANCE_ACCEPT","@AIDIP_MORRIGI_ALLIANCE_ACCEPT3"
"Morrigi","AIDIP_ALLIANCE_ACCEPT","@AIDIP_MORRIGI_ALLIANCE_ACCEPT4"
"Morrigi","AIDIP_ALLIANCE_REJECT","@AIDIP_MORRIGI_ALLIANCE_REJECT1"
"Morrigi","AIDIP_ALLIANCE_REJECT","@AIDIP_MORRIGI_ALLIANCE_REJECT2"
"Morrigi","AIDIP_ALLIANCE_REJECT","@AIDIP_MORRIGI_ALLIANCE_REJECT3"
"Morrigi","AIDIP_ALLIANCE_REJECT","@AIDIP_MORRIGI_ALLIANCE_REJECT4"
"Morrigi","AIDIP_ALLIANCE_LEAVE","@AIDIP_MORRIGI_ALLIANCE_LEAVE1"
"Morrigi","AIDIP_ALLIANCE_LEAVE","@AIDIP_MORRIGI_ALLIANCE_LEAVE2"
"Morrigi","AIDIP_ALLIANCE_LEAVE","@AIDIP_MORRIGI_ALLIANCE_LEAVE3"
"Morrigi","AIDIP_ALLIANCE_LEAVE","@AIDIP_MORRIGI_ALLIANCE_LEAVE4"
"Morrigi","AIDIP_ALLIANCE_OTHER_LEAVE","@AIDIP_MORRIGI_ALLIANCE_OTHER_LEAVE1"
"Morrigi","AIDIP_ALLIANCE_OTHER_LEAVE","@AIDIP_MORRIGI_ALLIANCE_OTHER_LEAVE2"
"Morrigi","AIDIP_ALLIANCE_OTHER_LEAVE","@AIDIP_MORRIGI_ALLIANCE_OTHER_LEAVE3"
"Morrigi","AIDIP_ALLIANCE_OTHER_LEAVE","@AIDIP_MORRIGI_ALLIANCE_OTHER_LEAVE4"
"Morrigi","AIDIP_NONAGGRO_REQUEST","@AIDIP_MORRIGI_NONAGGRO_REQUEST1"
"Morrigi","AIDIP_NONAGGRO_REQUEST","@AIDIP_MORRIGI_NONAGGRO_REQUEST2"
"Morrigi","AIDIP_NONAGGRO_REQUEST","@AIDIP_MORRIGI_NONAGGRO_REQUEST3"
"Morrigi","AIDIP_NONAGGRO_REQUEST","@AIDIP_MORRIGI_NONAGGRO_REQUEST4"
"Morrigi","AIDIP_NONAGGRO_REJECT","@AIDIP_MORRIGI_NONAGGRO_REJECT1"
"Morrigi","AIDIP_NONAGGRO_REJECT","@AIDIP_MORRIGI_NONAGGRO_REJECT2"
"Morrigi","AIDIP_NONAGGRO_REJECT","@AIDIP_MORRIGI_NONAGGRO_REJECT3"
"Morrigi","AIDIP_NONAGGRO_REJECT","@AIDIP_MORRIGI_NONAGGRO_REJECT4"
"Morrigi","AIDIP_NONAGGRO_BREAK","@AIDIP_MORRIGI_NONAGGRO_BREAK1"
"Morrigi","AIDIP_NONAGGRO_BREAK","@AIDIP_MORRIGI_NONAGGRO_BREAK2"
"Morrigi","AIDIP_NONAGGRO_BREAK","@AIDIP_MORRIGI_NONAGGRO_BREAK3"
"Morrigi","AIDIP_NONAGGRO_BREAK","@AIDIP_MORRIGI_NONAGGRO_BREAK4"
"Morrigi","AIDIP_NONAGGRO_OTHER_BREAK","@AIDIP_MORRIGI_NONAGGRO_OTHER_BREAK1"
"Morrigi","AIDIP_NONAGGRO_OTHER_BREAK","@AIDIP_MORRIGI_NONAGGRO_OTHER_BREAK2"
"Morrigi","AIDIP_NONAGGRO_OTHER_BREAK","@AIDIP_MORRIGI_NONAGGRO_OTHER_BREAK3"
"Morrigi","AIDIP_NONAGGRO_OTHER_BREAK","@AIDIP_MORRIGI_NONAGGRO_OTHER_BREAK4"
"Morrigi","AIDIP_SURRENDER","@AIDIP_MORRIGI_SURRENDER1"
"Morrigi","AIDIP_SURRENDER","@AIDIP_MORRIGI_SURRENDER2"
"Morrigi","AIDIP_SURRENDER_TO","@AIDIP_MORRIGI_SURRENDER_TO1"
"Morrigi","AIDIP_AID_ACKNOWLEDGE","@AIDIP_MORRIGI_AID_ACKNOWLEDGE1"
"Morrigi","AIDIP_AID_ACKNOWLEDGE","@AIDIP_MORRIGI_AID_ACKNOWLEDGE2"
"Morrigi","AIDIP_YOU_CAN_HAVE_SYSTEM","@AIDIP_MORRIGI_YOU_CAN_HAVE_SYSTEM1"
"Morrigi","AIDIP_YOU_CAN_HAVE_SYSTEM","@AIDIP_MORRIGI_YOU_CAN_HAVE_SYSTEM2"
"Morrigi","AIDIP_YOU_CANT_HAVE_SYSTEM","@AIDIP_MORRIGI_YOU_CANT_HAVE_SYSTEM1"
"Morrigi","AIDIP_YOU_CANT_HAVE_SYSTEM","@AIDIP_MORRIGI_YOU_CANT_HAVE_SYSTEM2"
"Morrigi","AIDIP_YOU_CANT_HAVE_SYSTEM_STATS","@AIDIP_MORRIGI_YOU_CANT_HAVE_SYSTEM_STATS1"
"Morrigi","AIDIP_YOU_CANT_HAVE_SYSTEM_STATS","@AIDIP_MORRIGI_YOU_CANT_HAVE_SYSTEM_STATS2"
"Morrigi","AIDIP_CONFIRM_RALLY_AT","@AIDIP_MORRIGI_CONFIRM_RALLY_AT1"
"Morrigi","AIDIP_CONFIRM_RALLY_AT","@AIDIP_MORRIGI_CONFIRM_RALLY_AT2"
"Morrigi","AIDIP_REJECT_RALLY_AT_DONT_LIKE_YOU","@AIDIP_MORRIGI_REJECT_RALLY_AT_DONT_LIKE_YOU1"
"Morrigi","AIDIP_REJECT_RALLY_AT_DONT_LIKE_YOU","@AIDIP_MORRIGI_REJECT_RALLY_AT_DONT_LIKE_YOU2"
"Morrigi","AIDIP_REJECT_RALLY_AT_CANT_MAKE_IT","@AIDIP_MORRIGI_REJECT_RALLY_AT_CANT_MAKE_IT1"
"Morrigi","AIDIP_REJECT_RALLY_AT_CANT_MAKE_IT","@AIDIP_MORRIGI_REJECT_RALLY_AT_CANT_MAKE_IT2"
"Morrigi","AIDIP_CONFIRM_ATTACK_AT","@AIDIP_MORRIGI_CONFIRM_ATTACK_AT1"
"Morrigi","AIDIP_CONFIRM_ATTACK_AT","@AIDIP_MORRIGI_CONFIRM_ATTACK_AT2"
"Morrigi","AIDIP_REJECT_ATTACK_AT_DONT_LIKE_YOU","@AIDIP_MORRIGI_REJECT_ATTACK_AT_DONT_LIKE_YOU1"
"Morrigi","AIDIP_REJECT_ATTACK_AT_DONT_LIKE_YOU","@AIDIP_MORRIGI_REJECT_ATTACK_AT_DONT_LIKE_YOU2"
"Morrigi","AIDIP_REJECT_ATTACK_AT_CANT_MAKE_IT","@AIDIP_MORRIGI_REJECT_ATTACK_AT_CANT_MAKE_IT1"
"Morrigi","AIDIP_REJECT_ATTACK_AT_CANT_MAKE_IT","@AIDIP_MORRIGI_REJECT_ATTACK_AT_CANT_MAKE_IT2"
"Morrigi","AIDIP_CONFIRM_DEFEND_AT","@AIDIP_MORRIGI_CONFIRM_DEFEND_AT1"
"Morrigi","AIDIP_CONFIRM_DEFEND_AT","@AIDIP_MORRIGI_CONFIRM_DEFEND_AT2"
"Morrigi","AIDIP_REJECT_DEFEND_AT_DONT_LIKE_YOU","@AIDIP_MORRIGI_REJECT_DEFEND_AT_DONT_LIKE_YOU1"
"Morrigi","AIDIP_REJECT_DEFEND_AT_DONT_LIKE_YOU","@AIDIP_MORRIGI_REJECT_DEFEND_AT_DONT_LIKE_YOU2"
"Morrigi","AIDIP_REJECT_DEFEND_AT_CANT_MAKE_IT","@AIDIP_MORRIGI_REJECT_DEFEND_AT_CANT_MAKE_IT1"
"Morrigi","AIDIP_REJECT_DEFEND_AT_CANT_MAKE_IT","@AIDIP_MORRIGI_REJECT_DEFEND_AT_CANT_MAKE_IT2"
"Morrigi","AIDIP_CONFIRM_STOP_HARASSING_ME","@AIDIP_MORRIGI_CONFIRM_STOP_HARASSING_ME1"
"Morrigi","AIDIP_CONFIRM_STOP_HARASSING_ME","@AIDIP_MORRIGI_CONFIRM_STOP_HARASSING_ME2"
"Morrigi","AIDIP_REJECT_STOP_HARASSING_ME","@AIDIP_MORRIGI_REJECT_STOP_HARASSING_ME1"
"Morrigi","AIDIP_REJECT_STOP_HARASSING_ME","@AIDIP_MORRIGI_REJECT_STOP_HARASSING_ME2"
"Morrigi","AIDIP_CONFIRM_STOP_MINING_AT","@AIDIP_MORRIGI_CONFIRM_STOP_MINING_AT1"
"Morrigi","AIDIP_CONFIRM_STOP_MINING_AT","@AIDIP_MORRIGI_CONFIRM_STOP_MINING_AT2"
"Morrigi","AIDIP_REJECT_STOP_MINING_AT","@AIDIP_MORRIGI_REJECT_STOP_MINING_AT1"
"Morrigi","AIDIP_REJECT_STOP_MINING_AT","@AIDIP_MORRIGI_REJECT_STOP_MINING_AT2"
"Morrigi","AIDIP_CONFIRM_STOP_COLONIZING_AT","@AIDIP_MORRIGI_CONFIRM_STOP_COLONIZING_AT1"
"Morrigi","AIDIP_CONFIRM_STOP_COLONIZING_AT","@AIDIP_MORRIGI_CONFIRM_STOP_COLONIZING_AT2"
"Morrigi","AIDIP_REJECT_STOP_COLONIZING_AT","@AIDIP_MORRIGI_REJECT_STOP_COLONIZING_AT1"
"Morrigi","AIDIP_REJECT_STOP_COLONIZING_AT","@AIDIP_MORRIGI_REJECT_STOP_COLONIZING_AT2"
"Morrigi","AIDIP_DO_NOT_UNDERSTAND","@AIDIP_MORRIGI_DO_NOT_UNDERSTAND"
"Morrigi","AIDIP_CONFIRM_MONEY_REQUEST","@AIDIP_MORRIGI_CONFIRM_MONEY_REQUEST1"
"Morrigi","AIDIP_CONFIRM_MONEY_REQUEST","@AIDIP_MORRIGI_CONFIRM_MONEY_REQUEST2"
"Morrigi","AIDIP_REJECT_MONEY_REQUEST","@AIDIP_MORRIGI_REJECT_MONEY_REQUEST1"
"Morrigi","AIDIP_REJECT_MONEY_REQUEST","@AIDIP_MORRIGI_REJECT_MONEY_REQUEST2"
"Morrigi","AIDIP_REJECT_MONEY_REQUEST_DONT_LIKE_YOU","@AIDIP_MORRIGI_REJECT_MONEY_REQUEST_DONT_LIKE_YOU1"
"Morrigi","AIDIP_REJECT_MONEY_REQUEST_DONT_LIKE_YOU","@AIDIP_MORRIGI_REJECT_MONEY_REQUEST_DONT_LIKE_YOU2"
"Morrigi","AIDIP_CONFIRM_RESEARCH_REQUEST","@AIDIP_MORRIGI_CONFIRM_RESEARCH_REQUEST1"
"Morrigi","AIDIP_CONFIRM_RESEARCH_REQUEST","@AIDIP_MORRIGI_CONFIRM_RESEARCH_REQUEST2"
"Morrigi","AIDIP_REJECT_RESEARCH_REQUEST","@AIDIP_MORRIGI_REJECT_RESEARCH_REQUEST1"
"Morrigi","AIDIP_REJECT_RESEARCH_REQUEST","@AIDIP_MORRIGI_REJECT_RESEARCH_REQUEST2"
"Morrigi","AIDIP_REJECT_RESEARCH_REQUEST_DONT_LIKE_YOU","@AIDIP_MORRIGI_REJECT_RESEARCH_REQUEST_DONT_LIKE_YOU1"
"Morrigi","AIDIP_REJECT_RESEARCH_REQUEST_DONT_LIKE_YOU","@AIDIP_MORRIGI_REJECT_RESEARCH_REQUEST_DONT_LIKE_YOU2"
"Morrigi","AIDIP_CONFIRM_SEVER_ALLIANCE_WITH","@AIDIP_MORRIGI_CONFIRM_SEVER_ALLIANCE_WITH1"
"Morrigi","AIDIP_CONFIRM_SEVER_ALLIANCE_WITH","@AIDIP_MORRIGI_CONFIRM_SEVER_ALLIANCE_WITH2"
"Morrigi","AIDIP_REJECT_SEVER_ALLIANCE_WITH","@AIDIP_MORRIGI_REJECT_SEVER_ALLIANCE_WITH1"
"Morrigi","AIDIP_REJECT_SEVER_ALLIANCE_WITH","@AIDIP_MORRIGI_REJECT_SEVER_ALLIANCE_WITH2"
"Morrigi","AIDIP_CONFIRM_STOP_HARASSING_PLAYER","@AIDIP_MORRIGI_CONFIRM_STOP_HARASSING_PLAYER1"
"Morrigi","AIDIP_CONFIRM_STOP_HARASSING_PLAYER","@AIDIP_MORRIGI_CONFIRM_STOP_HARASSING_PLAYER2"
"Morrigi","AIDIP_REJECT_STOP_HARASSING_PLAYER","@AIDIP_MORRIGI_REJECT_STOP_HARASSING_PLAYER1"
"Morrigi","AIDIP_REJECT_STOP_HARASSING_PLAYER","@AIDIP_MORRIGI_REJECT_STOP_HARASSING_PLAYER2"
"Morrigi","AIDIP_NOT_HARASSING_PLAYER","@AIDIP_MORRIGI_NOT_HARASSING_PLAYER1"
"Morrigi","AIDIP_NOT_HARASSING_PLAYER","@AIDIP_MORRIGI_NOT_HARASSING_PLAYER2"
"Morrigi","AIDIP_CONFIRM_STOP_HARASSING_SYSTEM","@AIDIP_MORRIGI_CONFIRM_STOP_HARASSING_SYSTEM1"
"Morrigi","AIDIP_CONFIRM_STOP_HARASSING_SYSTEM","@AIDIP_MORRIGI_CONFIRM_STOP_HARASSING_SYSTEM2"
"Morrigi","AIDIP_REJECT_STOP_HARASSING_SYSTEM","@AIDIP_MORRIGI_REJECT_STOP_HARASSING_SYSTEM1"
"Morrigi","AIDIP_REJECT_STOP_HARASSING_SYSTEM","@AIDIP_MORRIGI_REJECT_STOP_HARASSING_SYSTEM2"
"Morrigi","AIDIP_NOT_HARASSING_SYSTEM","@AIDIP_MORRIGI_NOT_HARASSING_SYSTEM1"
"Morrigi","AIDIP_NOT_HARASSING_SYSTEM","@AIDIP_MORRIGI_NOT_HARASSING_SYSTEM2"
"Morrigi","AIDIP_NONAGGRO_ACCEPT","@AIDIP_MORRIGI_NONAGGRO_ACCEPT1"
"Morrigi","AIDIP_NONAGGRO_ACCEPT","@AIDIP_MORRIGI_NONAGGRO_ACCEPT2"
"Morrigi","AIDIP_CEASEFIRE_REQUEST","@AIDIP_MORRIGI_CEASEFIRE_REQUEST1"
"Morrigi","AIDIP_CEASEFIRE_REQUEST","@AIDIP_MORRIGI_CEASEFIRE_REQUEST2"
"Morrigi","AIDIP_CEASEFIRE_ACCEPT","@AIDIP_MORRIGI_CEASEFIRE_ACCEPT1"
"Morrigi","AIDIP_CEASEFIRE_ACCEPT","@AIDIP_MORRIGI_CEASEFIRE_ACCEPT2"
"Morrigi","AIDIP_CEASEFIRE_REJECT","@AIDIP_MORRIGI_CEASEFIRE_REJECT1"
"Morrigi","AIDIP_CEASEFIRE_REJECT","@AIDIP_MORRIGI_CEASEFIRE_REJECT2"
"Morrigi","AIDIP_CEASEFIRE_BREAK","@AIDIP_MORRIGI_CEASEFIRE_BREAK1"
"Morrigi","AIDIP_CEASEFIRE_BREAK","@AIDIP_MORRIGI_CEASEFIRE_BREAK2"
"Morrigi","AIDIP_CEASEFIRE_OTHER_BREAK","@AIDIP_MORRIGI_CEASEFIRE_OTHER_BREAK1"
"Morrigi","AIDIP_CEASEFIRE_OTHER_BREAK","@AIDIP_MORRIGI_CEASEFIRE_OTHER_BREAK2"
"Morrigi","AIDIP_DISPOSITION_WAR","@AIDIP_MORRIGI_DISPOSITION_WAR1"
"Morrigi","AIDIP_DISPOSITION_WAR","@AIDIP_MORRIGI_DISPOSITION_WAR2"
"Morrigi","AIDIP_DISPOSITION_CEASEFIRE","@AIDIP_MORRIGI_DISPOSITION_CEASEFIRE1"
"Morrigi","AIDIP_DISPOSITION_CEASEFIRE","@AIDIP_MORRIGI_DISPOSITION_CEASEFIRE2"
"Morrigi","AIDIP_DISPOSITION_NONAGGRO","@AIDIP_MORRIGI_DISPOSITION_NONAGGRO1"
"Morrigi","AIDIP_DISPOSITION_NONAGGRO","@AIDIP_MORRIGI_DISPOSITION_NONAGGRO2"
"Morrigi","AIDIP_DISPOSITION_ALLIANCE","@AIDIP_MORRIGI_DISPOSITION_ALLIANCE1"
"Morrigi","AIDIP_DISPOSITION_ALLIANCE","@AIDIP_MORRIGI_DISPOSITION_ALLIANCE2"
